id,date,city,district,building_type,cause,severity,casualties,damage_tenge,lat,lon
ast-20230408-0001,2023-04-08,astana,Байқоңыр,industrial,other,medium,0,3982802,51.100998,71.429603
ast-20230409-0002,2023-04-09,astana,Байқоңыр,commercial,electrical,high,0,12200621,51.11195,71.446155
ast-20230412-0003,2023-04-12,astana,Есіл,residential,other,high,0,35716172,51.182886,71.510024
ast-20230413-0004,2023-04-13,astana,Нұра,residential,open_flame,medium,1,2902741,51.125595,71.4636
ast-20230413-0005,2023-04-13,astana,Нұра,construction,other,low,0,402332,51.139488,71.453008
ast-20230414-0006,2023-04-14,astana,Нұра,residential,other,high,0,33199646,51.128699,71.525529
ast-20230417-0007,2023-04-17,astana,Алматы,commercial,other,low,0,193609,51.200176,71.335175
ast-20230417-0008,2023-04-17,astana,Есіл,residential,arson,low,5,377267,51.156925,71.513026
ast-20230420-0009,2023-04-20,astana,Нұра,residential,electrical,low,0,159618,51.117473,71.483727
ast-20230422-0010,2023-04-22,astana,Есіл,commercial,other,medium,0,4476257,51.167671,71.444216
ast-20230424-0011,2023-04-24,astana,Сарыарқа,construction,other,critical,7,99811433,51.2753,71.431492
ast-20230427-0012,2023-04-27,astana,Есіл,residential,open_flame,low,2,384333,51.187966,71.424797
ast-20230428-0013,2023-04-28,astana,Алматы,residential,other,medium,1,3275403,51.193683,71.331975
ast-20230501-0014,2023-05-01,astana,Алматы,construction,children,low,4,233815,51.24169,71.294055
ast-20230501-0015,2023-05-01,astana,Алматы,construction,electrical,low,0,104295,51.189621,71.379434
ast-20230501-0016,2023-05-01,astana,Нұра,construction,open_flame,medium,0,1998898,51.0929,71.572202
ast-20230502-0017,2023-05-02,astana,Нұра,construction,open_flame,low,0,160158,51.122925,71.506493
ast-20230502-0018,2023-05-02,astana,Есіл,residential,other,low,5,116021,51.188809,71.431158
ast-20230504-0019,2023-05-04,astana,Алматы,residential,electrical,high,0,12360959,51.21865,71.345102
ast-20230504-0020,2023-05-04,astana,Алматы,commercial,electrical,critical,2,417609325,51.207501,71.301403
ast-20230505-0021,2023-05-05,astana,Нұра,residential,electrical,low,1,383727,51.129817,71.547609
ast-20230505-0022,2023-05-05,astana,Сарыарқа,residential,other,low,1,389282,51.279337,71.464943
ast-20230507-0023,2023-05-07,astana,Есіл,commercial,electrical,low,1,51038,51.177505,71.538278
ast-20230507-0024,2023-05-07,astana,Алматы,industrial,open_flame,medium,0,827834,51.246005,71.32798
ast-20230510-0025,2023-05-10,astana,Есіл,industrial,other,low,0,262753,51.212474,71.512443
ast-20230510-0026,2023-05-10,astana,Нұра,commercial,children,low,5,371528,51.139081,71.502408
ast-20230510-0027,2023-05-10,astana,Байқоңыр,industrial,open_flame,critical,0,214850970,51.151766,71.384236
ast-20230511-0028,2023-05-11,astana,Алматы,commercial,electrical,low,1,109082,51.223033,71.282767
ast-20230511-0029,2023-05-11,astana,Алматы,residential,children,high,0,34498298,51.223428,71.298111
ast-20230515-0030,2023-05-15,astana,Алматы,residential,electrical,medium,3,3836977,51.213366,71.378195
ast-20230515-0031,2023-05-15,astana,Нұра,industrial,electrical,medium,0,1411351,51.15809,71.501958
ast-20230515-0032,2023-05-15,astana,Сарыарқа,residential,open_flame,high,0,21315296,51.273594,71.556638
ast-20230515-0033,2023-05-15,astana,Алматы,commercial,open_flame,medium,0,2497743,51.189536,71.407774
ast-20230516-0034,2023-05-16,astana,Нұра,construction,other,medium,1,1549285,51.118449,71.509339
ast-20230518-0035,2023-05-18,astana,Алматы,commercial,electrical,low,0,393166,51.202799,71.31064
ast-20230518-0036,2023-05-18,astana,Сарыарқа,construction,electrical,low,0,254508,51.263917,71.442133
ast-20230518-0037,2023-05-18,astana,Сарыарқа,residential,open_flame,critical,0,408879876,51.195396,71.487648
ast-20230519-0038,2023-05-19,astana,Байқоңыр,other,other,low,0,314868,51.121651,71.438485
ast-20230519-0039,2023-05-19,astana,Сарыарқа,residential,other,low,0,405832,51.235218,71.500123
ast-20230520-0040,2023-05-20,astana,Сарыарқа,commercial,other,critical,0,97686907,51.252784,71.576266
ast-20230520-0041,2023-05-20,astana,Алматы,residential,open_flame,low,1,92839,51.198267,71.390245
ast-20230521-0042,2023-05-21,astana,Сарыарқа,construction,open_flame,low,1,371503,51.229126,71.562885
ast-20230521-0043,2023-05-21,astana,Есіл,construction,electrical,low,0,410626,51.154726,71.407921
ast-20230523-0044,2023-05-23,astana,Есіл,commercial,children,low,1,386030,51.16176,71.42203
ast-20230524-0045,2023-05-24,astana,Нұра,construction,open_flame,medium,0,4204073,51.111559,71.545914
ast-20230524-0046,2023-05-24,astana,Алматы,construction,open_flame,medium,0,1891240,51.187535,71.309173
ast-20230524-0047,2023-05-24,astana,Сарыарқа,residential,electrical,low,0,215557,51.262311,71.483761
ast-20230524-0048,2023-05-24,astana,Нұра,residential,children,low,0,132637,51.158048,71.563472
ast-20230525-0049,2023-05-25,astana,Есіл,residential,arson,low,1,443788,51.189649,71.482636
ast-20230526-0050,2023-05-26,astana,Сарыарқа,industrial,electrical,low,0,217414,51.206018,71.486985
ast-20230526-0051,2023-05-26,astana,Сарыарқа,construction,arson,low,0,268786,51.232192,71.47036
ast-20230526-0052,2023-05-26,astana,Байқоңыр,industrial,electrical,low,0,319165,51.151703,71.367196
ast-20230527-0053,2023-05-27,astana,Нұра,residential,open_flame,high,0,45253018,51.097214,71.52615
ast-20230528-0054,2023-05-28,astana,Есіл,commercial,electrical,low,0,97092,51.16233,71.420204
ast-20230529-0055,2023-05-29,astana,Нұра,residential,open_flame,low,0,240230,51.101185,71.529363
ast-20230529-0056,2023-05-29,astana,Есіл,construction,other,low,0,72887,51.19337,71.418295
ast-20230530-0057,2023-05-30,astana,Нұра,construction,other,medium,10,1018969,51.083534,71.502164
ast-20230531-0058,2023-05-31,astana,Алматы,other,arson,medium,0,4106045,51.209891,71.349114
ast-20230531-0059,2023-05-31,astana,Нұра,residential,open_flame,medium,0,4903854,51.105687,71.475117
ast-20230602-0060,2023-06-02,astana,Есіл,construction,open_flame,low,0,247861,51.19432,71.539015
ast-20230604-0061,2023-06-04,astana,Нұра,residential,open_flame,low,0,244183,51.116945,71.535638
ast-20230605-0062,2023-06-05,astana,Байқоңыр,commercial,open_flame,low,0,187558,51.157849,71.38891
ast-20230606-0063,2023-06-06,astana,Есіл,commercial,children,low,2,124728,51.214925,71.489609
ast-20230606-0064,2023-06-06,astana,Сарыарқа,residential,other,low,4,464596,51.180462,71.426167
ast-20230610-0065,2023-06-10,astana,Сарыарқа,commercial,electrical,medium,2,3105399,51.229642,71.494521
ast-20230614-0066,2023-06-14,astana,Есіл,construction,electrical,high,0,43290118,51.168924,71.424088
ast-20230616-0067,2023-06-16,astana,Сарыарқа,commercial,open_flame,critical,6,304285060,51.265564,71.450017
ast-20230618-0068,2023-06-18,astana,Байқоңыр,construction,open_flame,low,2,277405,51.145151,71.448214
ast-20230619-0069,2023-06-19,astana,Байқоңыр,commercial,open_flame,medium,0,2667936,51.16358,71.433772
ast-20230619-0070,2023-06-19,astana,Алматы,residential,other,low,0,277913,51.22521,71.302875
ast-20230619-0071,2023-06-19,astana,Сарыарқа,residential,arson,low,0,258654,51.232225,71.454292
ast-20230619-0072,2023-06-19,astana,Есіл,residential,electrical,low,5,139436,51.206628,71.546163
ast-20230619-0073,2023-06-19,astana,Есіл,commercial,other,medium,0,2322473,51.180175,71.405385
ast-20230621-0074,2023-06-21,astana,Байқоңыр,other,other,low,1,295303,51.172239,71.354511
ast-20230621-0075,2023-06-21,astana,Нұра,construction,electrical,low,2,185794,51.092461,71.519537
ast-20230623-0076,2023-06-23,astana,Нұра,commercial,open_flame,low,0,127467,51.104852,71.474617
ast-20230623-0077,2023-06-23,astana,Алматы,other,electrical,high,1,48593855,51.236402,71.416626
ast-20230624-0078,2023-06-24,astana,Сарыарқа,other,electrical,medium,0,2246271,51.269892,71.575489
ast-20230626-0079,2023-06-26,astana,Сарыарқа,commercial,open_flame,low,0,294573,51.219151,71.434361
ast-20230626-0080,2023-06-26,astana,Есіл,construction,open_flame,high,0,8904271,51.161027,71.430873
ast-20230627-0081,2023-06-27,astana,Нұра,residential,open_flame,high,7,6582919,51.098909,71.456385
ast-20230627-0082,2023-06-27,astana,Есіл,residential,electrical,medium,3,1673681,51.193819,71.43028
ast-20230628-0083,2023-06-28,astana,Сарыарқа,commercial,other,high,0,29174850,51.189058,71.456149
ast-20230630-0084,2023-06-30,astana,Алматы,other,open_flame,medium,0,2403574,51.195659,71.371447
ast-20230703-0085,2023-07-03,astana,Сарыарқа,commercial,electrical,medium,0,1322639,51.273667,71.450065
ast-20230703-0086,2023-07-03,astana,Есіл,commercial,open_flame,low,0,174611,51.18404,71.471692
ast-20230704-0087,2023-07-04,astana,Алматы,residential,arson,low,1,497667,51.174067,71.417394
ast-20230705-0088,2023-07-05,astana,Байқоңыр,construction,open_flame,low,2,373841,51.162541,71.392817
ast-20230707-0089,2023-07-07,astana,Сарыарқа,construction,arson,low,1,341683,51.247185,71.573694
ast-20230708-0090,2023-07-08,astana,Алматы,residential,other,low,1,270434,51.18724,71.384329
ast-20230709-0091,2023-07-09,astana,Есіл,residential,open_flame,medium,3,2568693,51.169081,71.416609
ast-20230709-0092,2023-07-09,astana,Нұра,residential,electrical,low,0,135074,51.140844,71.54206
ast-20230711-0093,2023-07-11,astana,Есіл,commercial,open_flame,low,0,447272,51.171583,71.419091
ast-20230713-0094,2023-07-13,astana,Байқоңыр,industrial,electrical,medium,1,3117121,51.165206,71.394824
ast-20230713-0095,2023-07-13,astana,Сарыарқа,residential,open_flame,low,0,386596,51.219206,71.458548
ast-20230714-0096,2023-07-14,astana,Сарыарқа,residential,electrical,low,0,365446,51.216927,71.45776
ast-20230716-0097,2023-07-16,astana,Сарыарқа,other,open_flame,medium,2,1863341,51.279883,71.518163
ast-20230716-0098,2023-07-16,astana,Нұра,construction,other,low,0,369721,51.118176,71.514261
ast-20230717-0099,2023-07-17,astana,Алматы,commercial,open_flame,high,0,37081664,51.23344,71.398697
ast-20230718-0100,2023-07-18,astana,Нұра,construction,other,low,0,151330,51.101447,71.528819
ast-20230721-0101,2023-07-21,astana,Нұра,residential,arson,low,0,150601,51.084636,71.573408
ast-20230721-0102,2023-07-21,astana,Алматы,construction,children,low,0,137833,51.234959,71.31706
ast-20230723-0103,2023-07-23,astana,Нұра,residential,children,medium,0,4821516,51.157162,71.484398
ast-20230723-0104,2023-07-23,astana,Алматы,residential,electrical,medium,1,1742933,51.200265,71.396918
ast-20230725-0105,2023-07-25,astana,Есіл,residential,open_flame,critical,0,143976038,51.186324,71.521491
ast-20230726-0106,2023-07-26,astana,Есіл,commercial,children,low,0,143599,51.163685,71.461507
ast-20230727-0107,2023-07-27,astana,Байқоңыр,construction,children,high,7,12416486,51.132268,71.442335
ast-20230728-0108,2023-07-28,astana,Алматы,industrial,children,low,0,235329,51.186045,71.305953
ast-20230729-0109,2023-07-29,astana,Байқоңыр,residential,other,critical,2,336377494,51.121931,71.375473
ast-20230729-0110,2023-07-29,astana,Есіл,other,open_flame,low,2,169714,51.177944,71.405268
ast-20230801-0111,2023-08-01,astana,Есіл,commercial,other,low,3,326405,51.209387,71.434149
ast-20230801-0112,2023-08-01,astana,Есіл,construction,electrical,medium,1,4329487,51.158981,71.517126
ast-20230802-0113,2023-08-02,astana,Нұра,construction,open_flame,high,0,49304116,51.14564,71.547416
ast-20230804-0114,2023-08-04,astana,Алматы,residential,electrical,low,0,385147,51.216612,71.335314
ast-20230804-0115,2023-08-04,astana,Сарыарқа,other,electrical,medium,1,1638362,51.198853,71.547237
ast-20230805-0116,2023-08-05,astana,Нұра,industrial,other,critical,0,285390725,51.131058,71.511611
ast-20230807-0117,2023-08-07,astana,Нұра,residential,open_flame,high,0,28245718,51.110623,71.577397
ast-20230808-0118,2023-08-08,astana,Нұра,residential,other,low,0,404507,51.132678,71.557847
ast-20230810-0119,2023-08-10,astana,Есіл,residential,arson,medium,0,2634585,51.174379,71.529765
ast-20230813-0120,2023-08-13,astana,Есіл,residential,other,low,1,74844,51.168033,71.529991
ast-20230814-0121,2023-08-14,astana,Сарыарқа,construction,electrical,low,1,409572,51.203075,71.424349
ast-20230815-0122,2023-08-15,astana,Нұра,construction,children,medium,0,1605649,51.118091,71.508439
ast-20230816-0123,2023-08-16,astana,Сарыарқа,residential,other,medium,0,4871073,51.194103,71.575575
ast-20230819-0124,2023-08-19,astana,Нұра,other,open_flame,low,0,310374,51.0872,71.465614
ast-20230819-0125,2023-08-19,astana,Есіл,other,electrical,low,2,380702,51.204209,71.494637
ast-20230819-0126,2023-08-19,astana,Нұра,commercial,open_flame,medium,0,3111081,51.107685,71.510795
ast-20230823-0127,2023-08-23,astana,Есіл,construction,electrical,low,0,409787,51.173114,71.502907
ast-20230824-0128,2023-08-24,astana,Нұра,residential,other,low,0,428932,51.135112,71.568274
ast-20230825-0129,2023-08-25,astana,Алматы,commercial,electrical,low,0,250370,51.219884,71.298911
ast-20230827-0130,2023-08-27,astana,Сарыарқа,commercial,children,low,0,324651,51.220904,71.433874
ast-20230827-0131,2023-08-27,astana,Есіл,residential,children,low,2,258737,51.20323,71.470883
ast-20230827-0132,2023-08-27,astana,Байқоңыр,industrial,other,medium,0,2956092,51.14816,71.423752
ast-20230828-0133,2023-08-28,astana,Есіл,commercial,open_flame,high,0,30082336,51.217354,71.467586
ast-20230828-0134,2023-08-28,astana,Есіл,residential,electrical,low,0,260744,51.203847,71.51002
ast-20230830-0135,2023-08-30,astana,Есіл,commercial,electrical,high,0,23076855,51.172837,71.496234
ast-20230901-0136,2023-09-01,astana,Алматы,construction,electrical,high,0,33198765,51.230487,71.398962
ast-20230902-0137,2023-09-02,astana,Нұра,residential,open_flame,low,0,337460,51.159482,71.578736
ast-20230902-0138,2023-09-02,astana,Байқоңыр,industrial,other,critical,0,312100134,51.142283,71.433284
ast-20230902-0139,2023-09-02,astana,Алматы,residential,other,critical,3,311827339,51.19153,71.324919
ast-20230903-0140,2023-09-03,astana,Байқоңыр,industrial,open_flame,high,0,40930176,51.159934,71.383355
ast-20230904-0141,2023-09-04,astana,Алматы,residential,electrical,high,0,7534848,51.230747,71.357557
ast-20230905-0142,2023-09-05,astana,Есіл,residential,electrical,medium,0,1525405,51.154546,71.40824
ast-20230908-0143,2023-09-08,astana,Байқоңыр,residential,other,low,0,152998,51.135428,71.35718
ast-20230909-0144,2023-09-09,astana,Сарыарқа,construction,electrical,low,3,250110,51.234949,71.444006
ast-20230912-0145,2023-09-12,astana,Есіл,commercial,arson,medium,5,4420574,51.171019,71.471585
ast-20230912-0146,2023-09-12,astana,Алматы,residential,electrical,low,1,272329,51.171475,71.341485
ast-20230914-0147,2023-09-14,astana,Сарыарқа,commercial,other,medium,1,706300,51.227502,71.516545
ast-20230916-0148,2023-09-16,astana,Алматы,residential,electrical,low,0,96259,51.184133,71.395418
ast-20230916-0149,2023-09-16,astana,Нұра,residential,other,low,4,283257,51.080964,71.549193
ast-20230916-0150,2023-09-16,astana,Нұра,construction,other,medium,0,4783680,51.147983,71.529798
ast-20230917-0151,2023-09-17,astana,Байқоңыр,commercial,arson,low,1,368985,51.158382,71.434898
ast-20230918-0152,2023-09-18,astana,Байқоңыр,industrial,open_flame,critical,1,83757788,51.129519,71.367481
ast-20230919-0153,2023-09-19,astana,Есіл,commercial,other,medium,0,4760870,51.176474,71.527758
ast-20230922-0154,2023-09-22,astana,Алматы,commercial,other,low,1,436803,51.248985,71.301084
ast-20230927-0155,2023-09-27,astana,Есіл,industrial,electrical,low,0,389518,51.169959,71.450257
ast-20230929-0156,2023-09-29,astana,Сарыарқа,commercial,other,low,5,389197,51.245079,71.438544
ast-20231001-0157,2023-10-01,astana,Нұра,residential,electrical,low,1,109714,51.102928,71.468172
ast-20231002-0158,2023-10-02,astana,Алматы,residential,open_flame,low,0,71317,51.219151,71.332321
ast-20231003-0159,2023-10-03,astana,Сарыарқа,residential,electrical,low,0,195676,51.26103,71.480454
ast-20231004-0160,2023-10-04,astana,Байқоңыр,industrial,electrical,medium,0,2273324,51.133702,71.360029
ast-20231004-0161,2023-10-04,astana,Сарыарқа,other,electrical,medium,1,4567532,51.258756,71.521177
ast-20231006-0162,2023-10-06,astana,Нұра,other,electrical,low,0,178163,51.091739,71.493717
ast-20231011-0163,2023-10-11,astana,Нұра,residential,open_flame,high,0,5141742,51.158244,71.511734
ast-20231012-0164,2023-10-12,astana,Есіл,residential,other,low,0,265909,51.156349,71.463548
ast-20231014-0165,2023-10-14,astana,Нұра,commercial,other,low,0,376717,51.11586,71.486333
ast-20231014-0166,2023-10-14,astana,Нұра,residential,open_flame,critical,0,436788857,51.104112,71.454039
ast-20231015-0167,2023-10-15,astana,Алматы,residential,children,low,1,217722,51.198417,71.32884
ast-20231017-0168,2023-10-17,astana,Сарыарқа,commercial,open_flame,high,0,16856394,51.201383,71.564015
ast-20231020-0169,2023-10-20,astana,Алматы,residential,open_flame,low,0,355303,51.18046,71.392972
ast-20231021-0170,2023-10-21,astana,Нұра,commercial,children,medium,9,3861999,51.107323,71.471171
ast-20231024-0171,2023-10-24,astana,Байқоңыр,industrial,electrical,medium,0,830514,51.121166,71.353956
ast-20231026-0172,2023-10-26,astana,Есіл,residential,electrical,low,0,467451,51.163506,71.456793
ast-20231027-0173,2023-10-27,astana,Алматы,residential,open_flame,low,0,151678,51.230532,71.418713
ast-20231030-0174,2023-10-30,astana,Нұра,commercial,open_flame,low,1,140951,51.141181,71.559755
ast-20231101-0175,2023-11-01,astana,Нұра,commercial,other,medium,0,806299,51.087547,71.579255
ast-20231105-0176,2023-11-05,astana,Сарыарқа,residential,arson,low,1,468159,51.259922,71.516386
ast-20231106-0177,2023-11-06,astana,Нұра,residential,open_flame,low,0,346654,51.101217,71.501056
ast-20231107-0178,2023-11-07,astana,Алматы,construction,electrical,high,0,25169724,51.196225,71.350352
ast-20231110-0179,2023-11-10,astana,Алматы,residential,open_flame,low,0,323773,51.203073,71.395348
ast-20231113-0180,2023-11-13,astana,Алматы,other,other,critical,2,304605599,51.181368,71.353704
ast-20231115-0181,2023-11-15,astana,Есіл,construction,open_flame,low,4,473029,51.18947,71.508156
ast-20231118-0182,2023-11-18,astana,Есіл,commercial,other,low,0,101833,51.168099,71.499439
ast-20231120-0183,2023-11-20,astana,Есіл,other,other,low,0,104274,51.200264,71.466398
ast-20231122-0184,2023-11-22,astana,Есіл,residential,other,low,2,314436,51.183766,71.538354
ast-20231123-0185,2023-11-23,astana,Есіл,residential,other,high,0,19679701,51.181672,71.462424
ast-20231125-0186,2023-11-25,astana,Есіл,construction,electrical,medium,0,2098242,51.152713,71.49806
ast-20231126-0187,2023-11-26,astana,Алматы,commercial,electrical,high,1,23099864,51.180918,71.324823
ast-20231126-0188,2023-11-26,astana,Алматы,commercial,electrical,low,0,444321,51.190364,71.334029
ast-20231126-0189,2023-11-26,astana,Есіл,residential,open_flame,low,0,361751,51.20403,71.45683
ast-20231203-0190,2023-12-03,astana,Байқоңыр,other,open_flame,critical,1,290257535,51.104697,71.39291
ast-20231206-0191,2023-12-06,astana,Сарыарқа,other,open_flame,low,0,63568,51.255152,71.501228
ast-20231214-0192,2023-12-14,astana,Сарыарқа,construction,arson,medium,1,1069537,51.264246,71.559049
ast-20231217-0193,2023-12-17,astana,Есіл,commercial,electrical,high,1,26976546,51.163167,71.450854
ast-20231218-0194,2023-12-18,astana,Сарыарқа,residential,electrical,high,1,23910011,51.199979,71.46677
ast-20231230-0195,2023-12-30,astana,Нұра,industrial,arson,low,0,362352,51.138279,71.455613
ast-20240101-0196,2024-01-01,astana,Есіл,industrial,other,high,0,6778562,51.184023,71.46542
ast-20240101-0197,2024-01-01,astana,Алматы,commercial,open_flame,medium,3,3280016,51.176299,71.333856
ast-20240102-0198,2024-01-02,astana,Есіл,commercial,electrical,low,1,497755,51.18474,71.537887
ast-20240103-0199,2024-01-03,astana,Есіл,residential,open_flame,low,0,228821,51.164627,71.429718
ast-20240103-0200,2024-01-03,astana,Байқоңыр,industrial,arson,medium,2,4937134,51.111086,71.392839
ast-20240104-0201,2024-01-04,astana,Сарыарқа,construction,open_flame,medium,0,1961815,51.186914,71.536461
ast-20240105-0202,2024-01-05,astana,Алматы,industrial,electrical,high,2,12664359,51.177114,71.283326
ast-20240105-0203,2024-01-05,astana,Есіл,construction,electrical,medium,0,1782663,51.184223,71.475099
ast-20240105-0204,2024-01-05,astana,Нұра,residential,other,low,0,407987,51.150907,71.536478
ast-20240106-0205,2024-01-06,astana,Сарыарқа,residential,open_flame,low,0,169172,51.21269,71.468877
ast-20240106-0206,2024-01-06,astana,Алматы,residential,electrical,high,0,25800257,51.180703,71.37714
ast-20240107-0207,2024-01-07,astana,Сарыарқа,residential,electrical,low,0,182969,51.278719,71.427181
ast-20240108-0208,2024-01-08,astana,Сарыарқа,residential,arson,medium,0,3930131,51.181093,71.51523
ast-20240108-0209,2024-01-08,astana,Нұра,residential,electrical,low,0,325330,51.143382,71.5479
ast-20240109-0210,2024-01-09,astana,Нұра,construction,electrical,medium,0,3184003,51.106383,71.571153
ast-20240109-0211,2024-01-09,astana,Сарыарқа,other,open_flame,low,0,206815,51.20367,71.504422
ast-20240111-0212,2024-01-11,astana,Есіл,other,electrical,low,1,98279,51.156785,71.535042
ast-20240111-0213,2024-01-11,astana,Сарыарқа,residential,children,medium,1,766085,51.251835,71.513788
ast-20240111-0214,2024-01-11,astana,Алматы,industrial,other,medium,1,4226891,51.20497,71.385857
ast-20240111-0215,2024-01-11,astana,Нұра,residential,electrical,medium,0,4271562,51.083926,71.502556
ast-20240112-0216,2024-01-12,astana,Байқоңыр,industrial,children,high,1,30720640,51.163219,71.412476
ast-20240113-0217,2024-01-13,astana,Байқоңыр,industrial,electrical,low,0,489398,51.154324,71.359041
ast-20240115-0218,2024-01-15,astana,Байқоңыр,residential,other,high,0,44284425,51.147309,71.383859
ast-20240116-0219,2024-01-16,astana,Алматы,construction,children,low,0,198671,51.181441,71.307024
ast-20240117-0220,2024-01-17,astana,Алматы,other,open_flame,low,0,72670,51.197064,71.394202
ast-20240120-0221,2024-01-20,astana,Алматы,industrial,other,low,0,455569,51.202171,71.287132
ast-20240120-0222,2024-01-20,astana,Нұра,construction,open_flame,medium,0,4815933,51.145556,71.514818
ast-20240121-0223,2024-01-21,astana,Есіл,commercial,other,high,0,43030428,51.215825,71.540559
ast-20240122-0224,2024-01-22,astana,Байқоңыр,industrial,open_flame,medium,0,739962,51.10774,71.373273
ast-20240125-0225,2024-01-25,astana,Сарыарқа,residential,electrical,medium,0,2081655,51.236332,71.478895
ast-20240127-0226,2024-01-27,astana,Байқоңыр,construction,electrical,critical,3,123443008,51.166327,71.413129
ast-20240129-0227,2024-01-29,astana,Байқоңыр,industrial,children,low,5,459163,51.162517,71.387728
ast-20240129-0228,2024-01-29,astana,Есіл,commercial,open_flame,low,0,313522,51.167488,71.479132
ast-20240130-0229,2024-01-30,astana,Алматы,other,electrical,low,0,297561,51.209942,71.370124
ast-20240201-0230,2024-02-01,astana,Нұра,residential,children,low,0,294489,51.117098,71.454029
ast-20240202-0231,2024-02-02,astana,Байқоңыр,industrial,other,medium,0,1954062,51.1033,71.359995
ast-20240203-0232,2024-02-03,astana,Сарыарқа,other,electrical,medium,1,2282294,51.262677,71.507233
ast-20240203-0233,2024-02-03,astana,Байқоңыр,industrial,other,low,4,221372,51.166896,71.357674
ast-20240205-0234,2024-02-05,astana,Есіл,residential,open_flame,low,0,61707,51.181576,71.460356
ast-20240207-0235,2024-02-07,astana,Сарыарқа,construction,arson,low,0,379878,51.188873,71.485097
ast-20240207-0236,2024-02-07,astana,Нұра,other,open_flame,medium,0,4609933,51.140277,71.454106
ast-20240209-0237,2024-02-09,astana,Есіл,commercial,electrical,medium,0,1861971,51.207348,71.473926
ast-20240209-0238,2024-02-09,astana,Сарыарқа,residential,open_flame,low,2,448991,51.262307,71.564344
ast-20240209-0239,2024-02-09,astana,Нұра,other,electrical,high,0,11715758,51.12483,71.494538
ast-20240211-0240,2024-02-11,astana,Алматы,residential,electrical,low,3,240123,51.220412,71.352937
ast-20240211-0241,2024-02-11,astana,Алматы,residential,electrical,medium,0,3709282,51.230799,71.360482
ast-20240212-0242,2024-02-12,astana,Нұра,residential,other,medium,1,3724803,51.133166,71.560025
ast-20240212-0243,2024-02-12,astana,Нұра,commercial,other,medium,0,4599734,51.111554,71.523511
ast-20240213-0244,2024-02-13,astana,Есіл,residential,other,low,0,467127,51.167219,71.473742
ast-20240214-0245,2024-02-14,astana,Сарыарқа,construction,electrical,medium,0,1858060,51.224728,71.483783
ast-20240214-0246,2024-02-14,astana,Байқоңыр,industrial,open_flame,medium,2,3264268,51.159652,71.384138
ast-20240214-0247,2024-02-14,astana,Сарыарқа,construction,electrical,medium,0,4026458,51.203879,71.527425
ast-20240216-0248,2024-02-16,astana,Алматы,commercial,other,low,2,382628,51.248956,71.402479
ast-20240217-0249,2024-02-17,astana,Есіл,construction,electrical,low,2,433171,51.187292,71.45818
ast-20240218-0250,2024-02-18,astana,Сарыарқа,commercial,open_flame,high,0,35993850,51.197039,71.522849
ast-20240219-0251,2024-02-19,astana,Нұра,residential,electrical,low,2,482684,51.120254,71.578813
ast-20240220-0252,2024-02-20,astana,Есіл,commercial,open_flame,medium,0,1518789,51.178724,71.425191
ast-20240220-0253,2024-02-20,astana,Сарыарқа,construction,electrical,low,3,454473,51.209876,71.508807
ast-20240221-0254,2024-02-21,astana,Алматы,residential,open_flame,low,0,51218,51.226536,71.360541
ast-20240222-0255,2024-02-22,astana,Есіл,construction,electrical,medium,0,2632248,51.164439,71.427999
ast-20240222-0256,2024-02-22,astana,Байқоңыр,residential,electrical,high,2,40224261,51.106463,71.438208
ast-20240224-0257,2024-02-24,astana,Сарыарқа,construction,children,medium,0,2465637,51.271911,71.436084
ast-20240224-0258,2024-02-24,astana,Алматы,residential,other,low,1,343754,51.23729,71.41874
ast-20240224-0259,2024-02-24,astana,Есіл,construction,other,low,1,321026,51.195402,71.477107
ast-20240224-0260,2024-02-24,astana,Алматы,residential,electrical,low,1,209626,51.198113,71.310329
ast-20240224-0261,2024-02-24,astana,Сарыарқа,commercial,open_flame,high,0,29255047,51.187514,71.538373
ast-20240226-0262,2024-02-26,astana,Нұра,construction,arson,medium,0,4261384,51.134359,71.550151
ast-20240226-0263,2024-02-26,astana,Нұра,commercial,electrical,medium,0,1748788,51.106302,71.545034
ast-20240227-0264,2024-02-27,astana,Есіл,residential,electrical,high,1,16014427,51.152796,71.404244
ast-20240228-0265,2024-02-28,astana,Байқоңыр,commercial,arson,medium,4,3888725,51.154332,71.355405
ast-20240302-0266,2024-03-02,astana,Нұра,other,other,low,0,179514,51.145001,71.545726
ast-20240302-0267,2024-03-02,astana,Есіл,commercial,open_flame,high,1,20893680,51.195488,71.440571
ast-20240303-0268,2024-03-03,astana,Алматы,residential,other,low,0,339426,51.189629,71.30932
ast-20240305-0269,2024-03-05,astana,Байқоңыр,residential,electrical,high,0,33033975,51.134505,71.431504
ast-20240306-0270,2024-03-06,astana,Алматы,construction,other,medium,0,2211060,51.229823,71.344106
ast-20240308-0271,2024-03-08,astana,Алматы,commercial,electrical,low,0,425710,51.202835,71.357971
ast-20240308-0272,2024-03-08,astana,Нұра,residential,children,low,0,105735,51.099964,71.465403
ast-20240308-0273,2024-03-08,astana,Есіл,residential,open_flame,medium,0,1061924,51.15655,71.482451
ast-20240310-0274,2024-03-10,astana,Алматы,commercial,electrical,low,4,122841,51.178665,71.29776
ast-20240311-0275,2024-03-11,astana,Есіл,other,open_flame,medium,8,3799095,51.218215,71.430602
ast-20240312-0276,2024-03-12,astana,Байқоңыр,commercial,open_flame,critical,0,89797446,51.179766,71.387913
ast-20240312-0277,2024-03-12,astana,Сарыарқа,other,electrical,high,0,32568258,51.194918,71.505342
ast-20240312-0278,2024-03-12,astana,Сарыарқа,commercial,electrical,low,2,366979,51.183447,71.533418
ast-20240313-0279,2024-03-13,astana,Нұра,residential,electrical,medium,0,1261771,51.13472,71.526459
ast-20240313-0280,2024-03-13,astana,Алматы,industrial,arson,low,0,315406,51.240553,71.373357
ast-20240314-0281,2024-03-14,astana,Байқоңыр,commercial,electrical,low,0,120072,51.117799,71.431488
ast-20240320-0282,2024-03-20,astana,Есіл,residential,open_flame,low,1,493982,51.217039,71.531294
ast-20240320-0283,2024-03-20,astana,Есіл,construction,electrical,high,0,13840328,51.160992,71.401771
ast-20240324-0284,2024-03-24,astana,Алматы,construction,other,critical,0,201371489,51.217374,71.316001
ast-20240325-0285,2024-03-25,astana,Байқоңыр,commercial,electrical,medium,0,1648937,51.152065,71.362818
ast-20240327-0286,2024-03-27,astana,Нұра,commercial,other,medium,1,2611100,51.13729,71.563763
ast-20240329-0287,2024-03-29,astana,Байқоңыр,residential,electrical,medium,0,3854699,51.104857,71.404889
ast-20240331-0288,2024-03-31,astana,Есіл,commercial,other,high,0,15858205,51.188427,71.484452
ast-20240401-0289,2024-04-01,astana,Байқоңыр,industrial,electrical,critical,0,328637919,51.147528,71.374485
ast-20240402-0290,2024-04-02,astana,Сарыарқа,residential,other,medium,0,4231495,51.187951,71.540134
ast-20240404-0291,2024-04-04,astana,Алматы,construction,children,medium,0,4443347,51.245852,71.292818
ast-20240405-0292,2024-04-05,astana,Алматы,residential,open_flame,medium,0,3690251,51.215658,71.323982
ast-20240406-0293,2024-04-06,astana,Есіл,residential,other,medium,0,2611050,51.154512,71.438084
ast-20240412-0294,2024-04-12,astana,Есіл,other,arson,medium,0,4054577,51.162902,71.495331
ast-20240413-0295,2024-04-13,astana,Алматы,other,children,low,1,144777,51.206878,71.369954
ast-20240415-0296,2024-04-15,astana,Нұра,residential,other,low,1,488932,51.142627,71.529899
ast-20240417-0297,2024-04-17,astana,Байқоңыр,industrial,electrical,low,0,153706,51.135352,71.374448
ast-20240419-0298,2024-04-19,astana,Нұра,residential,open_flame,low,0,319001,51.13853,71.5083
ast-20240424-0299,2024-04-24,astana,Есіл,other,other,medium,2,551374,51.173624,71.491644
ast-20240424-0300,2024-04-24,astana,Байқоңыр,residential,electrical,low,1,458064,51.162474,71.426095
ast-20240425-0301,2024-04-25,astana,Алматы,residential,open_flame,low,3,225781,51.243285,71.399037
ast-20240426-0302,2024-04-26,astana,Нұра,commercial,electrical,low,0,443671,51.100615,71.472092
ast-20240503-0303,2024-05-03,astana,Нұра,residential,other,medium,1,769142,51.106518,71.534036
ast-20240508-0304,2024-05-08,astana,Есіл,other,electrical,low,1,354209,51.195951,71.467695
ast-20240508-0305,2024-05-08,astana,Сарыарқа,residential,children,low,0,342933,51.213238,71.473
ast-20240508-0306,2024-05-08,astana,Байқоңыр,residential,electrical,medium,0,1229809,51.155112,71.444395
ast-20240510-0307,2024-05-10,astana,Алматы,other,electrical,low,1,277702,51.237445,71.287954
ast-20240511-0308,2024-05-11,astana,Сарыарқа,residential,open_flame,low,10,392460,51.186366,71.552321
ast-20240511-0309,2024-05-11,astana,Сарыарқа,industrial,children,high,0,20151722,51.239853,71.476617
ast-20240512-0310,2024-05-12,astana,Есіл,residential,electrical,low,0,50371,51.214122,71.446815
ast-20240512-0311,2024-05-12,astana,Нұра,other,electrical,medium,0,791403,51.087695,71.474513
ast-20240513-0312,2024-05-13,astana,Есіл,commercial,other,medium,1,3607912,51.218921,71.501702
ast-20240515-0313,2024-05-15,astana,Есіл,construction,electrical,low,0,331234,51.168013,71.473727
ast-20240515-0314,2024-05-15,astana,Есіл,residential,electrical,medium,2,4716568,51.160031,71.443248
ast-20240515-0315,2024-05-15,astana,Есіл,residential,open_flame,medium,1,3919743,51.188851,71.414115
ast-20240516-0316,2024-05-16,astana,Есіл,other,children,high,3,22462410,51.195457,71.539236
ast-20240516-0317,2024-05-16,astana,Алматы,residential,electrical,low,0,332101,51.226102,71.390691
ast-20240517-0318,2024-05-17,astana,Байқоңыр,residential,other,low,0,208266,51.122447,71.38306
ast-20240517-0319,2024-05-17,astana,Алматы,construction,children,medium,0,4047342,51.224174,71.307277
ast-20240517-0320,2024-05-17,astana,Сарыарқа,commercial,open_flame,low,0,413526,51.189993,71.446281
ast-20240519-0321,2024-05-19,astana,Есіл,other,electrical,low,0,345906,51.189408,71.537874
ast-20240521-0322,2024-05-21,astana,Алматы,residential,open_flame,low,2,454213,51.240354,71.34616
ast-20240522-0323,2024-05-22,astana,Нұра,commercial,electrical,low,0,174168,51.088115,71.490137
ast-20240524-0324,2024-05-24,astana,Байқоңыр,residential,electrical,high,0,41180053,51.138167,71.38387
ast-20240525-0325,2024-05-25,astana,Есіл,residential,children,high,0,47222773,51.191633,71.496249
ast-20240525-0326,2024-05-25,astana,Сарыарқа,commercial,other,low,0,481857,51.212383,71.436841
ast-20240527-0327,2024-05-27,astana,Сарыарқа,residential,electrical,low,0,427314,51.242848,71.487369
ast-20240527-0328,2024-05-27,astana,Есіл,commercial,electrical,medium,0,3374289,51.18441,71.473047
ast-20240531-0329,2024-05-31,astana,Нұра,construction,open_flame,low,0,111030,51.105534,71.483272
ast-20240531-0330,2024-05-31,astana,Нұра,construction,electrical,low,0,474130,51.12797,71.459303
ast-20240601-0331,2024-06-01,astana,Нұра,other,arson,medium,0,2684783,51.138997,71.463232
ast-20240601-0332,2024-06-01,astana,Есіл,residential,electrical,low,1,78787,51.206094,71.490646
ast-20240602-0333,2024-06-02,astana,Сарыарқа,residential,other,low,0,80363,51.207497,71.424192
ast-20240603-0334,2024-06-03,astana,Алматы,residential,open_flame,low,3,474866,51.193387,71.352908
ast-20240603-0335,2024-06-03,astana,Алматы,construction,electrical,low,0,253032,51.233642,71.362547
ast-20240604-0336,2024-06-04,astana,Сарыарқа,residential,electrical,low,0,352350,51.212894,71.499279
ast-20240606-0337,2024-06-06,astana,Алматы,commercial,open_flame,medium,1,4378602,51.197697,71.361921
ast-20240608-0338,2024-06-08,astana,Байқоңыр,residential,open_flame,high,1,19312886,51.110804,71.394104
ast-20240610-0339,2024-06-10,astana,Нұра,residential,other,low,0,376594,51.08081,71.569002
ast-20240611-0340,2024-06-11,astana,Байқоңыр,other,electrical,high,4,24095139,51.144547,71.370268
ast-20240611-0341,2024-06-11,astana,Сарыарқа,commercial,other,low,0,445592,51.249863,71.575858
ast-20240612-0342,2024-06-12,astana,Есіл,industrial,other,low,0,112229,51.198437,71.497195
ast-20240614-0343,2024-06-14,astana,Есіл,construction,open_flame,high,2,41737239,51.186113,71.437757
ast-20240614-0344,2024-06-14,astana,Байқоңыр,residential,children,low,0,415629,51.104351,71.379951
ast-20240614-0345,2024-06-14,astana,Есіл,commercial,other,low,2,177499,51.173959,71.498851
ast-20240615-0346,2024-06-15,astana,Алматы,residential,open_flame,low,2,437346,51.243943,71.395026
ast-20240617-0347,2024-06-17,astana,Байқоңыр,industrial,other,low,0,117992,51.126303,71.382234
ast-20240617-0348,2024-06-17,astana,Есіл,commercial,electrical,low,0,302873,51.175505,71.531845
ast-20240617-0349,2024-06-17,astana,Алматы,industrial,children,low,2,66720,51.214739,71.280139
ast-20240617-0350,2024-06-17,astana,Есіл,other,other,high,3,36134585,51.151431,71.518777
ast-20240619-0351,2024-06-19,astana,Байқоңыр,construction,electrical,low,1,91381,51.149577,71.380126
ast-20240619-0352,2024-06-19,astana,Алматы,other,open_flame,low,0,406860,51.20276,71.357374
ast-20240619-0353,2024-06-19,astana,Алматы,construction,other,high,0,17761294,51.226419,71.397365
ast-20240620-0354,2024-06-20,astana,Байқоңыр,industrial,other,high,1,24896685,51.116692,71.399837
ast-20240624-0355,2024-06-24,astana,Байқоңыр,residential,other,medium,0,3071643,51.157365,71.42583
ast-20240626-0356,2024-06-26,astana,Алматы,construction,open_flame,medium,0,4173607,51.22159,71.380545
ast-20240628-0357,2024-06-28,astana,Байқоңыр,industrial,other,high,0,28359098,51.156581,71.448794
ast-20240628-0358,2024-06-28,astana,Нұра,other,other,medium,0,4815830,51.123468,71.549499
ast-20240629-0359,2024-06-29,astana,Байқоңыр,construction,electrical,medium,0,4961045,51.108687,71.365353
ast-20240629-0360,2024-06-29,astana,Сарыарқа,residential,electrical,low,0,244546,51.196438,71.53282
ast-20240630-0361,2024-06-30,astana,Сарыарқа,residential,arson,low,0,203637,51.23441,71.561742
ast-20240701-0362,2024-07-01,astana,Есіл,residential,open_flame,low,10,449958,51.158011,71.527795
ast-20240703-0363,2024-07-03,astana,Нұра,commercial,open_flame,low,0,67796,51.119862,71.570359
ast-20240704-0364,2024-07-04,astana,Байқоңыр,industrial,other,medium,3,4095984,51.114756,71.447335
ast-20240705-0365,2024-07-05,astana,Сарыарқа,construction,open_flame,high,0,13095529,51.194045,71.469128
ast-20240706-0366,2024-07-06,astana,Алматы,residential,open_flame,medium,0,3928767,51.229622,71.29032
ast-20240707-0367,2024-07-07,astana,Сарыарқа,construction,open_flame,medium,3,4548228,51.219045,71.497474
ast-20240707-0368,2024-07-07,astana,Сарыарқа,residential,other,low,2,410321,51.18868,71.427104
ast-20240708-0369,2024-07-08,astana,Нұра,construction,other,high,0,35657323,51.090402,71.515157
ast-20240712-0370,2024-07-12,astana,Есіл,other,electrical,low,0,179076,51.163927,71.433867
ast-20240713-0371,2024-07-13,astana,Сарыарқа,residential,arson,high,0,30857115,51.21655,71.445558
ast-20240717-0372,2024-07-17,astana,Алматы,other,arson,low,0,362540,51.236841,71.373582
ast-20240720-0373,2024-07-20,astana,Байқоңыр,construction,children,medium,0,1412610,51.177211,71.409886
ast-20240720-0374,2024-07-20,astana,Алматы,commercial,electrical,medium,0,978749,51.234364,71.354813
ast-20240722-0375,2024-07-22,astana,Алматы,residential,other,low,0,352332,51.198003,71.334507
ast-20240723-0376,2024-07-23,astana,Алматы,construction,electrical,low,0,390145,51.186252,71.324472
ast-20240727-0377,2024-07-27,astana,Есіл,residential,open_flame,high,0,14932482,51.213584,71.533502
ast-20240728-0378,2024-07-28,astana,Сарыарқа,residential,open_flame,low,0,145703,51.218,71.512131
ast-20240729-0379,2024-07-29,astana,Алматы,commercial,electrical,low,1,402873,51.195763,71.360012
ast-20240729-0380,2024-07-29,astana,Алматы,residential,children,low,0,445242,51.208964,71.305826
ast-20240730-0381,2024-07-30,astana,Есіл,commercial,other,medium,0,3585969,51.192019,71.413839
ast-20240731-0382,2024-07-31,astana,Байқоңыр,industrial,open_flame,low,0,67509,51.101982,71.393003
ast-20240804-0383,2024-08-04,astana,Нұра,residential,arson,medium,0,863665,51.106502,71.537112
ast-20240804-0384,2024-08-04,astana,Алматы,industrial,other,high,9,11889517,51.230349,71.399305
ast-20240805-0385,2024-08-05,astana,Сарыарқа,industrial,other,critical,0,124495118,51.231494,71.556166
ast-20240807-0386,2024-08-07,astana,Алматы,construction,other,critical,0,337229161,51.22677,71.385969
ast-20240809-0387,2024-08-09,astana,Нұра,other,arson,medium,0,3784448,51.100401,71.544216
ast-20240810-0388,2024-08-10,astana,Сарыарқа,residential,electrical,low,2,488734,51.231076,71.434422
ast-20240814-0389,2024-08-14,astana,Сарыарқа,residential,other,low,0,436058,51.231153,71.492118
ast-20240815-0390,2024-08-15,astana,Сарыарқа,commercial,open_flame,low,0,88186,51.272785,71.446413
ast-20240816-0391,2024-08-16,astana,Нұра,residential,electrical,low,0,241452,51.121004,71.493808
ast-20240817-0392,2024-08-17,astana,Сарыарқа,commercial,other,critical,1,405513396,51.261782,71.546788
ast-20240820-0393,2024-08-20,astana,Байқоңыр,industrial,electrical,high,5,34732420,51.166889,71.443298
ast-20240820-0394,2024-08-20,astana,Есіл,commercial,other,critical,0,88238638,51.17443,71.504722
ast-20240822-0395,2024-08-22,astana,Есіл,residential,electrical,low,0,103521,51.195424,71.516754
ast-20240826-0396,2024-08-26,astana,Алматы,residential,electrical,low,0,343891,51.184257,71.28282
ast-20240827-0397,2024-08-27,astana,Есіл,commercial,open_flame,high,1,47159205,51.159629,71.484611
ast-20240827-0398,2024-08-27,astana,Есіл,commercial,electrical,low,0,305490,51.198008,71.526142
ast-20240829-0399,2024-08-29,astana,Сарыарқа,commercial,open_flame,low,1,215416,51.207074,71.472455
ast-20240830-0400,2024-08-30,astana,Нұра,industrial,open_flame,medium,0,2952423,51.117615,71.48774
ast-20240901-0401,2024-09-01,astana,Алматы,commercial,electrical,medium,0,2106959,51.221418,71.371368
ast-20240901-0402,2024-09-01,astana,Байқоңыр,other,open_flame,high,1,35715191,51.118901,71.378331
ast-20240903-0403,2024-09-03,astana,Алматы,residential,open_flame,low,0,168409,51.234343,71.341255
ast-20240904-0404,2024-09-04,astana,Сарыарқа,residential,open_flame,low,1,148950,51.214371,71.57188
ast-20240906-0405,2024-09-06,astana,Алматы,commercial,electrical,medium,0,1130131,51.186295,71.295613
ast-20240908-0406,2024-09-08,astana,Есіл,other,open_flame,low,5,216783,51.151399,71.462788
ast-20240908-0407,2024-09-08,astana,Сарыарқа,construction,children,low,6,152057,51.278689,71.555903
ast-20240914-0408,2024-09-14,astana,Нұра,residential,electrical,medium,0,676937,51.121853,71.5702
ast-20240917-0409,2024-09-17,astana,Байқоңыр,commercial,open_flame,low,0,243172,51.164823,71.420487
ast-20240918-0410,2024-09-18,astana,Байқоңыр,commercial,children,high,3,11450753,51.143761,71.431989
ast-20240919-0411,2024-09-19,astana,Байқоңыр,industrial,other,medium,0,1301356,51.141496,71.404485
ast-20240919-0412,2024-09-19,astana,Сарыарқа,commercial,electrical,high,0,18721010,51.272294,71.453177
ast-20240920-0413,2024-09-20,astana,Байқоңыр,industrial,other,low,3,343445,51.146889,71.401017
ast-20240922-0414,2024-09-22,astana,Есіл,commercial,electrical,low,1,289143,51.184839,71.413983
ast-20240924-0415,2024-09-24,astana,Есіл,residential,electrical,medium,0,1459045,51.164683,71.41367
ast-20240925-0416,2024-09-25,astana,Нұра,residential,open_flame,high,4,44677374,51.137193,71.458962
ast-20240925-0417,2024-09-25,astana,Байқоңыр,other,other,low,0,202530,51.110378,71.41948
ast-20240929-0418,2024-09-29,astana,Алматы,residential,electrical,low,0,191991,51.204567,71.300068
ast-20241002-0419,2024-10-02,astana,Нұра,residential,open_flame,low,0,331584,51.084382,71.468122
ast-20241005-0420,2024-10-05,astana,Байқоңыр,industrial,electrical,medium,0,1410388,51.118738,71.387208
ast-20241005-0421,2024-10-05,astana,Есіл,residential,open_flame,critical,10,446610874,51.179616,71.412102
ast-20241009-0422,2024-10-09,astana,Алматы,residential,electrical,low,0,490830,51.197173,71.30525
ast-20241010-0423,2024-10-10,astana,Сарыарқа,residential,other,low,0,305052,51.22953,71.444395
ast-20241010-0424,2024-10-10,astana,Есіл,commercial,electrical,low,4,132862,51.15301,71.484772
ast-20241010-0425,2024-10-10,astana,Байқоңыр,residential,open_flame,low,1,452712,51.115471,71.381488
ast-20241013-0426,2024-10-13,astana,Нұра,construction,other,medium,1,1497637,51.118402,71.567674
ast-20241014-0427,2024-10-14,astana,Байқоңыр,commercial,arson,medium,0,778768,51.125066,71.434683
ast-20241015-0428,2024-10-15,astana,Алматы,construction,open_flame,medium,0,2267264,51.243972,71.347278
ast-20241016-0429,2024-10-16,astana,Алматы,residential,electrical,low,1,248447,51.223523,71.356603
ast-20241022-0430,2024-10-22,astana,Алматы,construction,other,low,5,477322,51.201609,71.392011
ast-20241022-0431,2024-10-22,astana,Нұра,construction,electrical,medium,0,1110949,51.102505,71.540378
ast-20241024-0432,2024-10-24,astana,Нұра,residential,open_flame,medium,0,4051139,51.093986,71.453779
ast-20241025-0433,2024-10-25,astana,Алматы,commercial,open_flame,low,0,125324,51.191936,71.382098
ast-20241025-0434,2024-10-25,astana,Алматы,commercial,other,low,0,216262,51.17586,71.304939
ast-20241027-0435,2024-10-27,astana,Есіл,industrial,other,low,0,140138,51.191375,71.493269
ast-20241031-0436,2024-10-31,astana,Сарыарқа,other,open_flame,medium,0,1954433,51.210584,71.565186
ast-20241102-0437,2024-11-02,astana,Есіл,commercial,arson,high,0,19162050,51.207942,71.515622
ast-20241103-0438,2024-11-03,astana,Байқоңыр,industrial,electrical,medium,2,1947300,51.125439,71.398355
ast-20241105-0439,2024-11-05,astana,Нұра,construction,other,low,10,325149,51.121502,71.512306
ast-20241107-0440,2024-11-07,astana,Сарыарқа,other,children,medium,0,1186545,51.231033,71.501488
ast-20241109-0441,2024-11-09,astana,Есіл,commercial,other,medium,1,3356116,51.187028,71.405023
ast-20241116-0442,2024-11-16,astana,Алматы,residential,electrical,low,1,225718,51.204807,71.338195
ast-20241117-0443,2024-11-17,astana,Алматы,commercial,open_flame,low,0,74030,51.242616,71.289952
ast-20241118-0444,2024-11-18,astana,Байқоңыр,residential,open_flame,low,2,52846,51.131709,71.413876
ast-20241120-0445,2024-11-20,astana,Алматы,residential,open_flame,low,0,447913,51.226547,71.419394
ast-20241124-0446,2024-11-24,astana,Алматы,industrial,open_flame,medium,8,4829065,51.222319,71.405834
ast-20241125-0447,2024-11-25,astana,Сарыарқа,residential,children,low,3,486160,51.190413,71.441427
ast-20241125-0448,2024-11-25,astana,Есіл,commercial,electrical,medium,0,4130755,51.208512,71.441969
ast-20241130-0449,2024-11-30,astana,Байқоңыр,residential,other,low,0,357035,51.164499,71.360581
ast-20241202-0450,2024-12-02,astana,Байқоңыр,industrial,other,low,0,142272,51.135905,71.370249
ast-20241214-0451,2024-12-14,astana,Сарыарқа,residential,open_flame,low,0,88675,51.247899,71.431387
ast-20241220-0452,2024-12-20,astana,Нұра,industrial,electrical,low,0,133486,51.092225,71.478393
ast-20241220-0453,2024-12-20,astana,Нұра,industrial,electrical,medium,0,3852165,51.082621,71.545201
ast-20241220-0454,2024-12-20,astana,Сарыарқа,residential,electrical,low,2,489291,51.2337,71.524849
ast-20241221-0455,2024-12-21,astana,Сарыарқа,construction,open_flame,low,1,239457,51.265449,71.423326
ast-20241221-0456,2024-12-21,astana,Есіл,construction,electrical,low,0,168504,51.187153,71.526927
ast-20241222-0457,2024-12-22,astana,Есіл,residential,open_flame,high,0,31084847,51.212138,71.44247
ast-20241222-0458,2024-12-22,astana,Сарыарқа,commercial,open_flame,low,2,481627,51.259308,71.54111
ast-20241223-0459,2024-12-23,astana,Нұра,commercial,other,high,0,44463933,51.11238,71.561376
ast-20241223-0460,2024-12-23,astana,Алматы,industrial,electrical,low,0,68929,51.180381,71.405525
ast-20241224-0461,2024-12-24,astana,Есіл,construction,electrical,critical,0,138703664,51.154569,71.411238
ast-20241226-0462,2024-12-26,astana,Байқоңыр,construction,open_flame,medium,0,879552,51.142643,71.418806
ast-20241229-0463,2024-12-29,astana,Байқоңыр,industrial,other,medium,0,1412904,51.144281,71.384426
ast-20250101-0464,2025-01-01,astana,Нұра,industrial,open_flame,high,0,10653127,51.145579,71.450398
ast-20250101-0465,2025-01-01,astana,Байқоңыр,other,other,high,0,31529711,51.144067,71.411854
ast-20250103-0466,2025-01-03,astana,Есіл,residential,open_flame,low,1,420908,51.208804,71.538054
ast-20250103-0467,2025-01-03,astana,Есіл,other,electrical,low,2,355487,51.151276,71.403742
ast-20250104-0468,2025-01-04,astana,Байқоңыр,construction,electrical,low,0,81640,51.118744,71.423021
ast-20250106-0469,2025-01-06,astana,Нұра,construction,other,low,2,300682,51.085468,71.535274
ast-20250106-0470,2025-01-06,astana,Есіл,construction,arson,high,0,13230643,51.184031,71.511254
ast-20250108-0471,2025-01-08,astana,Алматы,commercial,arson,critical,1,318782910,51.208027,71.362428
ast-20250108-0472,2025-01-08,astana,Есіл,commercial,electrical,low,0,103159,51.161594,71.488581
ast-20250109-0473,2025-01-09,astana,Есіл,industrial,electrical,high,0,48150069,51.172407,71.433761
ast-20250109-0474,2025-01-09,astana,Байқоңыр,construction,other,low,0,284899,51.157611,71.4082
ast-20250109-0475,2025-01-09,astana,Есіл,construction,open_flame,medium,0,2961772,51.162624,71.513477
ast-20250111-0476,2025-01-11,astana,Есіл,industrial,other,high,0,24759390,51.169119,71.470251
ast-20250113-0477,2025-01-13,astana,Байқоңыр,other,open_flame,high,0,27162022,51.104183,71.424249
ast-20250114-0478,2025-01-14,astana,Есіл,residential,children,medium,0,2170762,51.150156,71.476599
ast-20250115-0479,2025-01-15,astana,Алматы,residential,arson,low,0,164477,51.18494,71.299335
ast-20250115-0480,2025-01-15,astana,Есіл,residential,electrical,high,2,22066968,51.17604,71.486375
ast-20250117-0481,2025-01-17,astana,Байқоңыр,construction,electrical,low,0,255738,51.125175,71.437791
ast-20250118-0482,2025-01-18,astana,Нұра,residential,open_flame,low,0,68391,51.124378,71.452634
ast-20250119-0483,2025-01-19,astana,Сарыарқа,other,arson,medium,0,1560259,51.194898,71.51345
ast-20250119-0484,2025-01-19,astana,Есіл,construction,open_flame,low,0,200423,51.217855,71.426238
ast-20250120-0485,2025-01-20,astana,Есіл,residential,arson,critical,0,92077976,51.169503,71.497185
ast-20250120-0486,2025-01-20,astana,Есіл,commercial,arson,medium,0,4575279,51.207995,71.54552
ast-20250120-0487,2025-01-20,astana,Байқоңыр,industrial,other,low,2,327215,51.162066,71.36121
ast-20250122-0488,2025-01-22,astana,Алматы,commercial,open_flame,high,10,17609041,51.178577,71.317994
ast-20250122-0489,2025-01-22,astana,Алматы,commercial,open_flame,high,1,25068604,51.206402,71.36653
ast-20250122-0490,2025-01-22,astana,Байқоңыр,residential,open_flame,medium,0,584832,51.160505,71.38214
ast-20250122-0491,2025-01-22,astana,Байқоңыр,industrial,other,low,0,153002,51.134497,71.379854
ast-20250122-0492,2025-01-22,astana,Сарыарқа,residential,electrical,low,1,185144,51.265056,71.537335
ast-20250122-0493,2025-01-22,astana,Байқоңыр,industrial,children,low,0,353503,51.12537,71.415397
ast-20250124-0494,2025-01-24,astana,Байқоңыр,industrial,electrical,high,2,39677420,51.111315,71.386611
ast-20250124-0495,2025-01-24,astana,Есіл,residential,other,low,0,286044,51.218601,71.437838
ast-20250125-0496,2025-01-25,astana,Сарыарқа,residential,electrical,medium,0,1736947,51.247575,71.46006
ast-20250125-0497,2025-01-25,astana,Сарыарқа,industrial,children,low,1,341304,51.204263,71.463878
ast-20250125-0498,2025-01-25,astana,Сарыарқа,residential,children,medium,0,4955656,51.235376,71.51214
ast-20250126-0499,2025-01-26,astana,Алматы,construction,electrical,low,2,428912,51.23571,71.29107
ast-20250126-0500,2025-01-26,astana,Байқоңыр,residential,children,high,2,13578924,51.178501,71.417202
ast-20250128-0501,2025-01-28,astana,Сарыарқа,commercial,other,medium,3,4333344,51.229674,71.536771
ast-20250128-0502,2025-01-28,astana,Есіл,residential,other,low,0,155953,51.173202,71.459606
ast-20250129-0503,2025-01-29,astana,Байқоңыр,other,other,medium,1,3855580,51.168573,71.37178
ast-20250129-0504,2025-01-29,astana,Есіл,other,other,low,1,194823,51.182691,71.448469
ast-20250129-0505,2025-01-29,astana,Алматы,residential,open_flame,low,0,177456,51.245089,71.369403
ast-20250131-0506,2025-01-31,astana,Нұра,residential,children,high,0,14691072,51.095611,71.484453
ast-20250131-0507,2025-01-31,astana,Алматы,commercial,electrical,low,1,482028,51.197229,71.376565
ast-20250202-0508,2025-02-02,astana,Есіл,residential,electrical,low,0,73864,51.152727,71.440941
ast-20250202-0509,2025-02-02,astana,Нұра,other,electrical,low,0,140369,51.144212,71.466411
ast-20250206-0510,2025-02-06,astana,Есіл,commercial,other,high,0,42998610,51.190201,71.423351
ast-20250206-0511,2025-02-06,astana,Сарыарқа,other,open_flame,low,0,96942,51.26109,71.474455
ast-20250206-0512,2025-02-06,astana,Нұра,residential,electrical,low,0,233832,51.1025,71.535815
ast-20250208-0513,2025-02-08,astana,Есіл,residential,electrical,low,2,372583,51.153259,71.514011
ast-20250210-0514,2025-02-10,astana,Сарыарқа,other,open_flame,low,0,474852,51.265658,71.536575
ast-20250210-0515,2025-02-10,astana,Байқоңыр,residential,other,high,0,22221823,51.132017,71.397849
ast-20250212-0516,2025-02-12,astana,Байқоңыр,construction,other,medium,0,3508635,51.129887,71.363389
ast-20250212-0517,2025-02-12,astana,Алматы,residential,open_flame,low,0,261605,51.189674,71.365665
ast-20250213-0518,2025-02-13,astana,Нұра,commercial,electrical,low,0,407110,51.120529,71.469321
ast-20250214-0519,2025-02-14,astana,Алматы,commercial,electrical,medium,0,3953612,51.234342,71.3163
ast-20250214-0520,2025-02-14,astana,Байқоңыр,commercial,electrical,critical,0,201473165,51.118934,71.44093
ast-20250217-0521,2025-02-17,astana,Сарыарқа,industrial,electrical,low,1,314961,51.202564,71.544662
ast-20250218-0522,2025-02-18,astana,Алматы,residential,electrical,low,0,144244,51.239511,71.295513
ast-20250220-0523,2025-02-20,astana,Есіл,commercial,electrical,low,4,145482,51.179058,71.548416
ast-20250220-0524,2025-02-20,astana,Есіл,other,open_flame,low,4,295201,51.185513,71.465761
ast-20250220-0525,2025-02-20,astana,Алматы,industrial,arson,low,1,69930,51.201787,71.280616
ast-20250221-0526,2025-02-21,astana,Алматы,residential,electrical,low,0,339839,51.192053,71.371769
ast-20250222-0527,2025-02-22,astana,Алматы,other,other,medium,6,4775384,51.195512,71.384943
ast-20250222-0528,2025-02-22,astana,Есіл,commercial,open_flame,low,0,440608,51.216877,71.447375
ast-20250223-0529,2025-02-23,astana,Есіл,residential,open_flame,high,1,30500881,51.164611,71.40691
ast-20250223-0530,2025-02-23,astana,Байқоңыр,construction,other,medium,0,2465834,51.1349,71.407902
ast-20250223-0531,2025-02-23,astana,Байқоңыр,industrial,open_flame,critical,0,62952899,51.11891,71.400061
ast-20250223-0532,2025-02-23,astana,Байқоңыр,industrial,other,low,1,57162,51.156323,71.391128
ast-20250224-0533,2025-02-24,astana,Алматы,residential,open_flame,medium,3,1331837,51.19395,71.375521
ast-20250225-0534,2025-02-25,astana,Сарыарқа,residential,other,low,0,317126,51.192297,71.444961
ast-20250225-0535,2025-02-25,astana,Нұра,commercial,electrical,low,0,52764,51.091032,71.535269
ast-20250227-0536,2025-02-27,astana,Есіл,construction,electrical,medium,2,1856577,51.158773,71.413012
ast-20250228-0537,2025-02-28,astana,Нұра,commercial,arson,low,0,413452,51.150897,71.485287
ast-20250301-0538,2025-03-01,astana,Сарыарқа,commercial,electrical,low,0,277429,51.224253,71.521653
ast-20250303-0539,2025-03-03,astana,Алматы,residential,children,medium,0,1813830,51.187752,71.37526
ast-20250309-0540,2025-03-09,astana,Алматы,residential,electrical,medium,0,2994888,51.197224,71.400379
ast-20250311-0541,2025-03-11,astana,Сарыарқа,residential,children,low,10,195259,51.208052,71.490737
ast-20250311-0542,2025-03-11,astana,Алматы,industrial,open_flame,low,0,151260,51.241103,71.390935
ast-20250312-0543,2025-03-12,astana,Байқоңыр,commercial,electrical,high,1,49535071,51.170355,71.362169
ast-20250312-0544,2025-03-12,astana,Сарыарқа,residential,electrical,low,0,307474,51.274117,71.471837
ast-20250315-0545,2025-03-15,astana,Сарыарқа,industrial,children,high,0,49547383,51.196095,71.464122
ast-20250315-0546,2025-03-15,astana,Нұра,residential,open_flame,low,0,225352,51.137333,71.48727
ast-20250316-0547,2025-03-16,astana,Сарыарқа,commercial,other,low,1,340698,51.21638,71.535898
ast-20250316-0548,2025-03-16,astana,Сарыарқа,residential,other,low,0,119181,51.278382,71.505041
ast-20250317-0549,2025-03-17,astana,Сарыарқа,commercial,other,medium,1,3110607,51.254182,71.458066
ast-20250318-0550,2025-03-18,astana,Нұра,residential,electrical,high,0,15251502,51.108872,71.542903
ast-20250321-0551,2025-03-21,astana,Есіл,residential,open_flame,low,0,204272,51.175931,71.447738
ast-20250323-0552,2025-03-23,astana,Есіл,commercial,open_flame,low,0,54157,51.211096,71.487325
ast-20250326-0553,2025-03-26,astana,Алматы,commercial,electrical,medium,3,981949,51.187915,71.323504
ast-20250329-0554,2025-03-29,astana,Есіл,residential,electrical,medium,0,4597989,51.214358,71.415465
ast-20250329-0555,2025-03-29,astana,Есіл,construction,arson,low,0,193205,51.161787,71.470672
ast-20250331-0556,2025-03-31,astana,Алматы,commercial,electrical,medium,1,1505948,51.183331,71.28614
ast-20250401-0557,2025-04-01,astana,Алматы,construction,arson,medium,0,1412704,51.212542,71.308611
ast-20250402-0558,2025-04-02,astana,Сарыарқа,residential,open_flame,low,0,155725,51.240085,71.489991
ast-20250403-0559,2025-04-03,astana,Нұра,construction,other,medium,1,1968113,51.114791,71.491874
ast-20250404-0560,2025-04-04,astana,Байқоңыр,residential,electrical,high,0,32413941,51.141984,71.411499
ast-20250408-0561,2025-04-08,astana,Есіл,construction,electrical,high,1,10798743,51.160552,71.447435
ast-20250410-0562,2025-04-10,astana,Алматы,residential,other,low,2,158334,51.182729,71.417234
ast-20250410-0563,2025-04-10,astana,Есіл,commercial,open_flame,low,2,296827,51.188449,71.482445
ast-20250412-0564,2025-04-12,astana,Байқоңыр,residential,electrical,low,0,173608,51.111593,71.442192
ast-20250412-0565,2025-04-12,astana,Байқоңыр,industrial,open_flame,low,0,219669,51.127492,71.395275
ast-20250413-0566,2025-04-13,astana,Байқоңыр,other,electrical,medium,0,1824453,51.128,71.421731
ast-20250417-0567,2025-04-17,astana,Есіл,commercial,electrical,low,4,86381,51.204875,71.462447
ast-20250418-0568,2025-04-18,astana,Нұра,residential,open_flame,medium,0,2361214,51.109149,71.579327
ast-20250421-0569,2025-04-21,astana,Байқоңыр,industrial,children,high,2,15414066,51.123564,71.35228
ast-20250421-0570,2025-04-21,astana,Байқоңыр,construction,open_flame,low,0,303465,51.140799,71.433668
ast-20250421-0571,2025-04-21,astana,Есіл,commercial,children,high,0,6114667,51.192103,71.515005
ast-20250426-0572,2025-04-26,astana,Есіл,commercial,open_flame,low,0,466877,51.188801,71.482882
ast-20250428-0573,2025-04-28,astana,Есіл,commercial,electrical,high,7,13101741,51.162263,71.432926
ast-20250429-0574,2025-04-29,astana,Байқоңыр,construction,open_flame,low,0,184841,51.118191,71.434277
ast-20250429-0575,2025-04-29,astana,Байқоңыр,industrial,open_flame,critical,0,195050739,51.171672,71.398334
ast-20250502-0576,2025-05-02,astana,Нұра,residential,children,low,0,425725,51.097387,71.458159
ast-20250502-0577,2025-05-02,astana,Есіл,residential,open_flame,low,0,490187,51.215767,71.418848
ast-20250503-0578,2025-05-03,astana,Алматы,commercial,children,low,1,496041,51.179932,71.326454
ast-20250507-0579,2025-05-07,astana,Сарыарқа,commercial,other,low,0,451075,51.199211,71.420685
ast-20250508-0580,2025-05-08,astana,Байқоңыр,industrial,children,medium,0,718225,51.153911,71.355429
ast-20250508-0581,2025-05-08,astana,Нұра,residential,open_flame,high,0,38520527,51.134529,71.465913
ast-20250509-0582,2025-05-09,astana,Сарыарқа,construction,other,low,0,323788,51.255331,71.50686
ast-20250510-0583,2025-05-10,astana,Алматы,residential,electrical,low,0,338444,51.174167,71.410184
ast-20250511-0584,2025-05-11,astana,Есіл,residential,open_flame,low,5,58873,51.213769,71.460711
ast-20250511-0585,2025-05-11,astana,Алматы,residential,electrical,low,0,273056,51.214869,71.293827
ast-20250512-0586,2025-05-12,astana,Есіл,commercial,open_flame,low,0,96066,51.163508,71.435384
ast-20250512-0587,2025-05-12,astana,Сарыарқа,other,open_flame,low,1,317317,51.198414,71.43723
ast-20250512-0588,2025-05-12,astana,Алматы,commercial,electrical,low,0,332115,51.190904,71.344507
ast-20250513-0589,2025-05-13,astana,Сарыарқа,commercial,electrical,low,2,91645,51.186214,71.461299
ast-20250514-0590,2025-05-14,astana,Сарыарқа,construction,other,medium,0,2656871,51.222663,71.45104
ast-20250514-0591,2025-05-14,astana,Сарыарқа,commercial,electrical,high,0,16538083,51.212788,71.559177
ast-20250516-0592,2025-05-16,astana,Нұра,commercial,other,high,2,7238244,51.148777,71.499644
ast-20250516-0593,2025-05-16,astana,Сарыарқа,commercial,children,low,1,392450,51.210266,71.577786
ast-20250518-0594,2025-05-18,astana,Алматы,residential,electrical,medium,0,4809166,51.194571,71.365183
ast-20250519-0595,2025-05-19,astana,Алматы,commercial,other,medium,1,4949255,51.249312,71.313797
ast-20250519-0596,2025-05-19,astana,Алматы,residential,open_flame,medium,1,3125721,51.196836,71.281716
ast-20250521-0597,2025-05-21,astana,Сарыарқа,other,open_flame,low,0,220879,51.205091,71.475514
ast-20250522-0598,2025-05-22,astana,Сарыарқа,residential,open_flame,low,3,241437,51.220689,71.472503
ast-20250523-0599,2025-05-23,astana,Есіл,commercial,other,low,0,289984,51.192159,71.538185
ast-20250524-0600,2025-05-24,astana,Алматы,residential,children,medium,0,1158754,51.182866,71.330093
ast-20250525-0601,2025-05-25,astana,Сарыарқа,commercial,arson,high,0,44374483,51.184234,71.558999
ast-20250525-0602,2025-05-25,astana,Байқоңыр,residential,electrical,high,1,20285767,51.153294,71.370378
ast-20250526-0603,2025-05-26,astana,Нұра,construction,children,medium,3,1830497,51.127651,71.504167
ast-20250527-0604,2025-05-27,astana,Алматы,construction,arson,low,0,467739,51.242015,71.40383
ast-20250528-0605,2025-05-28,astana,Нұра,commercial,other,high,0,31823072,51.159762,71.453928
ast-20250530-0606,2025-05-30,astana,Байқоңыр,industrial,children,low,1,115402,51.117312,71.432904
ast-20250531-0607,2025-05-31,astana,Есіл,commercial,other,low,0,74945,51.15602,71.428614
ast-20250531-0608,2025-05-31,astana,Байқоңыр,other,arson,medium,7,4005967,51.137097,71.393373
ast-20250601-0609,2025-06-01,astana,Алматы,residential,open_flame,medium,0,2825350,51.186096,71.333789
ast-20250603-0610,2025-06-03,astana,Есіл,commercial,arson,low,0,356818,51.165855,71.522717
ast-20250605-0611,2025-06-05,astana,Алматы,construction,open_flame,low,1,184716,51.172502,71.414392
ast-20250606-0612,2025-06-06,astana,Есіл,commercial,electrical,low,1,260845,51.150426,71.539871
ast-20250606-0613,2025-06-06,astana,Сарыарқа,other,other,high,0,6102046,51.224291,71.525285
ast-20250607-0614,2025-06-07,astana,Алматы,industrial,electrical,high,0,21078904,51.245516,71.301776
ast-20250608-0615,2025-06-08,astana,Есіл,construction,other,medium,5,2641305,51.207865,71.452806
ast-20250609-0616,2025-06-09,astana,Байқоңыр,commercial,electrical,medium,1,1717428,51.113964,71.443166
ast-20250609-0617,2025-06-09,astana,Байқоңыр,residential,children,low,0,338431,51.108856,71.360622
ast-20250610-0618,2025-06-10,astana,Сарыарқа,residential,other,medium,0,3583919,51.231838,71.43546
ast-20250612-0619,2025-06-12,astana,Сарыарқа,residential,other,low,1,75625,51.20096,71.492152
ast-20250612-0620,2025-06-12,astana,Байқоңыр,other,electrical,low,0,107731,51.129293,71.438384
ast-20250614-0621,2025-06-14,astana,Нұра,construction,electrical,low,1,275430,51.133059,71.480829
ast-20250614-0622,2025-06-14,astana,Алматы,construction,electrical,critical,0,190674980,51.171882,71.315686
ast-20250615-0623,2025-06-15,astana,Есіл,commercial,electrical,medium,2,2882905,51.161794,71.460004
ast-20250615-0624,2025-06-15,astana,Сарыарқа,commercial,electrical,low,0,213133,51.212711,71.437626
ast-20250616-0625,2025-06-16,astana,Нұра,residential,electrical,low,0,335046,51.099965,71.505825
ast-20250617-0626,2025-06-17,astana,Сарыарқа,residential,other,low,0,249651,51.275457,71.54969
ast-20250619-0627,2025-06-19,astana,Алматы,construction,open_flame,low,2,219391,51.19383,71.364935
ast-20250621-0628,2025-06-21,astana,Алматы,residential,other,low,0,388475,51.217991,71.35709
ast-20250623-0629,2025-06-23,astana,Алматы,other,arson,medium,0,4499014,51.175148,71.329032
ast-20250624-0630,2025-06-24,astana,Есіл,commercial,other,low,0,179537,51.196926,71.422391
ast-20250626-0631,2025-06-26,astana,Нұра,residential,electrical,low,4,390081,51.132982,71.470301
ast-20250626-0632,2025-06-26,astana,Есіл,construction,electrical,low,0,161203,51.210391,71.448899
ast-20250627-0633,2025-06-27,astana,Есіл,other,arson,high,1,26070948,51.176919,71.448651
ast-20250627-0634,2025-06-27,astana,Сарыарқа,industrial,other,medium,0,3642090,51.228953,71.518194
ast-20250628-0635,2025-06-28,astana,Алматы,industrial,arson,low,0,158935,51.243221,71.337921
ast-20250628-0636,2025-06-28,astana,Байқоңыр,commercial,open_flame,low,3,335122,51.172833,71.404806
ast-20250702-0637,2025-07-02,astana,Байқоңыр,residential,arson,medium,1,3221202,51.156871,71.378689
ast-20250702-0638,2025-07-02,astana,Сарыарқа,commercial,electrical,low,2,71206,51.240559,71.430998
ast-20250707-0639,2025-07-07,astana,Алматы,residential,arson,medium,0,4452615,51.228788,71.387622
ast-20250707-0640,2025-07-07,astana,Есіл,residential,open_flame,low,0,323463,51.154979,71.416983
ast-20250707-0641,2025-07-07,astana,Сарыарқа,residential,children,low,0,125773,51.259697,71.545432
ast-20250708-0642,2025-07-08,astana,Алматы,commercial,electrical,medium,0,2261519,51.204768,71.305582
ast-20250709-0643,2025-07-09,astana,Нұра,commercial,arson,low,0,482316,51.15295,71.553931
ast-20250710-0644,2025-07-10,astana,Есіл,industrial,open_flame,low,0,141314,51.159103,71.43149
ast-20250713-0645,2025-07-13,astana,Сарыарқа,residential,other,medium,2,4862657,51.266885,71.47787
ast-20250714-0646,2025-07-14,astana,Байқоңыр,industrial,other,low,0,326835,51.160354,71.387005
ast-20250714-0647,2025-07-14,astana,Нұра,residential,electrical,medium,0,4244119,51.085587,71.475386
ast-20250716-0648,2025-07-16,astana,Сарыарқа,construction,open_flame,low,0,56835,51.265561,71.539916
ast-20250716-0649,2025-07-16,astana,Алматы,residential,other,high,0,20569473,51.177777,71.28886
ast-20250717-0650,2025-07-17,astana,Сарыарқа,commercial,open_flame,high,2,42065352,51.185762,71.518574
ast-20250717-0651,2025-07-17,astana,Сарыарқа,commercial,other,medium,0,2307272,51.262625,71.579481
ast-20250719-0652,2025-07-19,astana,Есіл,residential,children,low,0,139234,51.212217,71.520067
ast-20250719-0653,2025-07-19,astana,Нұра,industrial,open_flame,high,0,11843813,51.150912,71.538507
ast-20250719-0654,2025-07-19,astana,Нұра,residential,other,medium,1,1739799,51.153125,71.499498
ast-20250720-0655,2025-07-20,astana,Сарыарқа,commercial,other,high,1,27800211,51.198314,71.572637
ast-20250721-0656,2025-07-21,astana,Нұра,other,electrical,low,1,80437,51.140231,71.461168
ast-20250722-0657,2025-07-22,astana,Байқоңыр,residential,open_flame,low,0,356673,51.172871,71.424465
ast-20250722-0658,2025-07-22,astana,Нұра,commercial,open_flame,low,0,86008,51.108125,71.547016
ast-20250724-0659,2025-07-24,astana,Сарыарқа,construction,electrical,low,0,214122,51.250783,71.507837
ast-20250724-0660,2025-07-24,astana,Сарыарқа,residential,other,critical,0,66900120,51.266606,71.458971
ast-20250724-0661,2025-07-24,astana,Сарыарқа,construction,other,medium,0,3913596,51.24907,71.441192
ast-20250725-0662,2025-07-25,astana,Есіл,construction,open_flame,medium,3,4189955,51.196171,71.459422
ast-20250727-0663,2025-07-27,astana,Алматы,commercial,children,medium,0,2026092,51.226421,71.396249
ast-20250728-0664,2025-07-28,astana,Есіл,construction,open_flame,low,1,377106,51.200158,71.478544
ast-20250729-0665,2025-07-29,astana,Сарыарқа,residential,electrical,low,0,277152,51.264552,71.535347
ast-20250729-0666,2025-07-29,astana,Есіл,commercial,electrical,medium,0,3631701,51.186777,71.518774
ast-20250805-0667,2025-08-05,astana,Сарыарқа,residential,open_flame,medium,0,1540519,51.267399,71.502018
ast-20250807-0668,2025-08-07,astana,Байқоңыр,residential,open_flame,low,0,93377,51.145393,71.396228
ast-20250809-0669,2025-08-09,astana,Нұра,other,electrical,low,1,356217,51.149088,71.453081
ast-20250812-0670,2025-08-12,astana,Алматы,residential,other,medium,0,4976877,51.214356,71.315343
ast-20250815-0671,2025-08-15,astana,Байқоңыр,residential,children,high,1,31085032,51.166101,71.421554
ast-20250815-0672,2025-08-15,astana,Есіл,residential,open_flame,low,0,199453,51.160848,71.424843
ast-20250816-0673,2025-08-16,astana,Байқоңыр,industrial,electrical,high,0,14211672,51.11788,71.428521
ast-20250818-0674,2025-08-18,astana,Нұра,commercial,electrical,low,0,190201,51.147421,71.461031
ast-20250818-0675,2025-08-18,astana,Нұра,industrial,open_flame,high,0,36481539,51.089328,71.559301
ast-20250818-0676,2025-08-18,astana,Байқоңыр,residential,other,low,0,399719,51.163826,71.396487
ast-20250818-0677,2025-08-18,astana,Нұра,industrial,children,low,0,373721,51.088384,71.518771
ast-20250819-0678,2025-08-19,astana,Алматы,residential,arson,medium,1,4825276,51.239504,71.321006
ast-20250819-0679,2025-08-19,astana,Байқоңыр,residential,other,low,0,264703,51.165552,71.431727
ast-20250822-0680,2025-08-22,astana,Нұра,residential,other,low,0,126185,51.099947,71.484779
ast-20250823-0681,2025-08-23,astana,Байқоңыр,residential,open_flame,medium,2,1527004,51.147546,71.364773
ast-20250823-0682,2025-08-23,astana,Сарыарқа,residential,electrical,low,1,361734,51.216837,71.524328
ast-20250823-0683,2025-08-23,astana,Алматы,residential,open_flame,low,0,144889,51.213684,71.29054
ast-20250827-0684,2025-08-27,astana,Сарыарқа,residential,electrical,low,0,338479,51.21104,71.531101
ast-20250828-0685,2025-08-28,astana,Алматы,construction,electrical,medium,1,1837717,51.173744,71.354962
ast-20250904-0686,2025-09-04,astana,Нұра,other,electrical,medium,0,2235002,51.092822,71.536569
ast-20250906-0687,2025-09-06,astana,Байқоңыр,commercial,other,low,1,355433,51.103418,71.387802
ast-20250907-0688,2025-09-07,astana,Нұра,residential,electrical,medium,6,2147861,51.152636,71.524355
ast-20250909-0689,2025-09-09,astana,Алматы,commercial,other,high,2,27850242,51.179509,71.359684
ast-20250918-0690,2025-09-18,astana,Есіл,residential,open_flame,medium,2,2549644,51.204798,71.528586
ast-20250918-0691,2025-09-18,astana,Сарыарқа,industrial,electrical,medium,0,3732658,51.195641,71.551727
ast-20250921-0692,2025-09-21,astana,Сарыарқа,other,other,high,0,7640021,51.267838,71.554182
ast-20250922-0693,2025-09-22,astana,Нұра,residential,electrical,high,0,24029613,51.116479,71.466178
ast-20250924-0694,2025-09-24,astana,Есіл,other,other,high,0,21587978,51.165407,71.46388
ast-20250925-0695,2025-09-25,astana,Байқоңыр,residential,other,critical,0,259752433,51.13142,71.359608
ast-20250926-0696,2025-09-26,astana,Алматы,commercial,open_flame,low,2,224716,51.188019,71.283873
ast-20250928-0697,2025-09-28,astana,Есіл,residential,open_flame,medium,3,3831549,51.17822,71.423177
ast-20250929-0698,2025-09-29,astana,Алматы,residential,other,low,0,335801,51.193104,71.299106
ast-20251001-0699,2025-10-01,astana,Нұра,residential,electrical,low,2,105217,51.130067,71.496505
ast-20251002-0700,2025-10-02,astana,Есіл,construction,electrical,low,0,285560,51.15583,71.414364
ast-20251003-0701,2025-10-03,astana,Сарыарқа,commercial,electrical,low,1,357645,51.191648,71.518602
ast-20251004-0702,2025-10-04,astana,Байқоңыр,other,open_flame,low,0,79859,51.151068,71.36396
ast-20251008-0703,2025-10-08,astana,Байқоңыр,residential,other,high,0,44743599,51.178382,71.362925
ast-20251008-0704,2025-10-08,astana,Алматы,commercial,electrical,low,0,485035,51.246164,71.337622
ast-20251009-0705,2025-10-09,astana,Сарыарқа,residential,electrical,high,0,15346426,51.216438,71.529904
ast-20251010-0706,2025-10-10,astana,Алматы,residential,open_flame,low,0,75173,51.212784,71.29633
ast-20251011-0707,2025-10-11,astana,Алматы,commercial,children,low,0,426983,51.246551,71.306673
ast-20251012-0708,2025-10-12,astana,Есіл,residential,electrical,low,0,161109,51.194812,71.491812
ast-20251015-0709,2025-10-15,astana,Сарыарқа,construction,open_flame,high,1,39493268,51.252096,71.477353
ast-20251016-0710,2025-10-16,astana,Алматы,residential,electrical,low,0,412119,51.170316,71.41041
ast-20251019-0711,2025-10-19,astana,Сарыарқа,commercial,open_flame,medium,3,4320492,51.240248,71.493633
ast-20251019-0712,2025-10-19,astana,Алматы,commercial,other,low,0,343571,51.204249,71.339576
ast-20251020-0713,2025-10-20,astana,Нұра,construction,open_flame,low,0,60192,51.122225,71.55548
ast-20251026-0714,2025-10-26,astana,Сарыарқа,residential,children,medium,0,665204,51.242287,71.517752
ast-20251027-0715,2025-10-27,astana,Сарыарқа,residential,electrical,low,0,98011,51.258822,71.443794
ast-20251027-0716,2025-10-27,astana,Байқоңыр,other,open_flame,medium,0,2370174,51.11488,71.364716
ast-20251028-0717,2025-10-28,astana,Сарыарқа,residential,open_flame,low,2,284148,51.254998,71.481118
ast-20251029-0718,2025-10-29,astana,Байқоңыр,residential,electrical,medium,1,645479,51.115639,71.393636
ast-20251030-0719,2025-10-30,astana,Алматы,residential,arson,low,0,343769,51.208843,71.323624
ast-20251030-0720,2025-10-30,astana,Байқоңыр,commercial,other,medium,2,1010441,51.118052,71.385208
ast-20251031-0721,2025-10-31,astana,Есіл,commercial,arson,high,0,48455871,51.162409,71.405581
ast-20251101-0722,2025-11-01,astana,Сарыарқа,residential,electrical,high,6,33803270,51.241626,71.480582
ast-20251102-0723,2025-11-02,astana,Сарыарқа,residential,open_flame,low,3,311168,51.245089,71.437718
ast-20251102-0724,2025-11-02,astana,Байқоңыр,residential,other,low,0,463900,51.156354,71.395329
ast-20251102-0725,2025-11-02,astana,Сарыарқа,residential,other,low,0,416493,51.202129,71.514995
ast-20251105-0726,2025-11-05,astana,Есіл,residential,children,low,1,257592,51.202495,71.4089
ast-20251107-0727,2025-11-07,astana,Сарыарқа,residential,open_flame,low,2,137718,51.230467,71.574969
ast-20251107-0728,2025-11-07,astana,Алматы,construction,children,high,3,30232795,51.249282,71.298435
ast-20251108-0729,2025-11-08,astana,Сарыарқа,construction,arson,low,6,417584,51.229958,71.503438
ast-20251109-0730,2025-11-09,astana,Есіл,commercial,electrical,medium,2,1419899,51.174458,71.506413
ast-20251110-0731,2025-11-10,astana,Есіл,construction,other,low,1,54543,51.187205,71.505973
ast-20251113-0732,2025-11-13,astana,Байқоңыр,industrial,electrical,medium,2,2776240,51.108792,71.409758
ast-20251116-0733,2025-11-16,astana,Есіл,construction,open_flame,low,0,252697,51.217033,71.476381
ast-20251120-0734,2025-11-20,astana,Байқоңыр,industrial,open_flame,medium,0,2465801,51.112074,71.421381
ast-20251122-0735,2025-11-22,astana,Нұра,construction,other,low,0,444754,51.156376,71.544517
ast-20251123-0736,2025-11-23,astana,Байқоңыр,industrial,other,critical,1,337065687,51.134655,71.377361
ast-20251123-0737,2025-11-23,astana,Байқоңыр,residential,other,medium,0,3047080,51.151153,71.402005
ast-20251202-0738,2025-12-02,astana,Есіл,construction,electrical,low,0,206688,51.188738,71.505308
ast-20251203-0739,2025-12-03,astana,Нұра,residential,other,medium,0,3391684,51.103687,71.563844
ast-20251203-0740,2025-12-03,astana,Алматы,commercial,children,high,1,14201364,51.230249,71.304266
ast-20251204-0741,2025-12-04,astana,Нұра,residential,electrical,critical,0,238495977,51.130082,71.491452
ast-20251210-0742,2025-12-10,astana,Есіл,commercial,children,medium,0,1114934,51.188981,71.522052
ast-20251211-0743,2025-12-11,astana,Есіл,residential,electrical,medium,0,1030259,51.217355,71.431313
ast-20251217-0744,2025-12-17,astana,Сарыарқа,residential,electrical,medium,0,3759092,51.274679,71.505486
ast-20251220-0745,2025-12-20,astana,Есіл,residential,electrical,high,1,10313803,51.186947,71.500422
ast-20251220-0746,2025-12-20,astana,Сарыарқа,residential,electrical,low,0,203557,51.226671,71.441834
ast-20251225-0747,2025-12-25,astana,Алматы,commercial,electrical,high,0,33968467,51.210553,71.323988
ast-20251226-0748,2025-12-26,astana,Нұра,commercial,open_flame,high,2,22484099,51.145024,71.479329
ast-20251228-0749,2025-12-28,astana,Есіл,commercial,open_flame,medium,1,1007426,51.169926,71.473625
ast-20251230-0750,2025-12-30,astana,Алматы,industrial,children,low,1,182891,51.210835,71.379802
ast-20251230-0751,2025-12-30,astana,Есіл,industrial,arson,low,0,233496,51.167467,71.510397
ast-20260102-0752,2026-01-02,astana,Нұра,construction,open_flame,medium,9,4348903,51.125475,71.464954
ast-20260102-0753,2026-01-02,astana,Есіл,construction,open_flame,low,0,362654,51.182567,71.530275
ast-20260103-0754,2026-01-03,astana,Сарыарқа,other,other,low,1,390818,51.182054,71.578577
ast-20260103-0755,2026-01-03,astana,Алматы,commercial,other,low,2,90197,51.205358,71.346085
ast-20260103-0756,2026-01-03,astana,Алматы,commercial,other,low,0,55510,51.240197,71.388219
ast-20260104-0757,2026-01-04,astana,Есіл,other,electrical,medium,0,3921542,51.160391,71.426906
ast-20260107-0758,2026-01-07,astana,Сарыарқа,residential,open_flame,medium,1,4038756,51.20106,71.468634
ast-20260107-0759,2026-01-07,astana,Нұра,commercial,electrical,low,0,114695,51.104215,71.453431
ast-20260107-0760,2026-01-07,astana,Байқоңыр,residential,open_flame,critical,1,499770232,51.104053,71.394869
ast-20260107-0761,2026-01-07,astana,Есіл,residential,open_flame,low,1,172827,51.167268,71.538449
ast-20260110-0762,2026-01-10,astana,Байқоңыр,residential,other,low,0,451538,51.15773,71.377998
ast-20260111-0763,2026-01-11,astana,Нұра,residential,other,low,0,112488,51.148324,71.468796
ast-20260111-0764,2026-01-11,astana,Нұра,residential,open_flame,low,0,221443,51.155545,71.506963
ast-20260112-0765,2026-01-12,astana,Сарыарқа,commercial,open_flame,medium,3,1824196,51.233248,71.52323
ast-20260112-0766,2026-01-12,astana,Байқоңыр,commercial,arson,medium,1,3646906,51.177513,71.445987
ast-20260116-0767,2026-01-16,astana,Сарыарқа,commercial,children,low,0,384294,51.180349,71.574678
ast-20260116-0768,2026-01-16,astana,Нұра,commercial,electrical,medium,0,1657871,51.144268,71.579937
ast-20260117-0769,2026-01-17,astana,Алматы,residential,electrical,low,0,297591,51.179152,71.318037
ast-20260117-0770,2026-01-17,astana,Есіл,industrial,electrical,high,0,5784127,51.157601,71.401516
ast-20260118-0771,2026-01-18,astana,Сарыарқа,residential,open_flame,low,8,375328,51.221193,71.556264
ast-20260118-0772,2026-01-18,astana,Алматы,residential,other,low,0,106423,51.204233,71.281755
ast-20260118-0773,2026-01-18,astana,Нұра,commercial,arson,low,1,348183,51.084837,71.56451
ast-20260120-0774,2026-01-20,astana,Байқоңыр,construction,electrical,low,1,354765,51.163511,71.388603
ast-20260120-0775,2026-01-20,astana,Есіл,construction,electrical,low,0,92033,51.15504,71.403856
ast-20260123-0776,2026-01-23,astana,Нұра,residential,children,critical,1,94979623,51.122008,71.51772
ast-20260123-0777,2026-01-23,astana,Алматы,commercial,other,medium,0,2385688,51.240683,71.29901
ast-20260123-0778,2026-01-23,astana,Сарыарқа,residential,children,medium,0,1996002,51.199228,71.555163
ast-20260123-0779,2026-01-23,astana,Алматы,residential,open_flame,low,1,69562,51.204855,71.404838
ast-20260124-0780,2026-01-24,astana,Есіл,commercial,arson,high,0,11173901,51.207714,71.433404
ast-20260125-0781,2026-01-25,astana,Алматы,other,other,low,0,315018,51.174703,71.404933
ast-20260125-0782,2026-01-25,astana,Сарыарқа,residential,open_flame,low,0,252980,51.252179,71.509067
ast-20260125-0783,2026-01-25,astana,Есіл,commercial,other,low,0,450705,51.161676,71.479737
ast-20260127-0784,2026-01-27,astana,Байқоңыр,residential,electrical,high,0,27237147,51.150427,71.412677
ast-20260127-0785,2026-01-27,astana,Сарыарқа,industrial,other,medium,0,4280645,51.217903,71.486943
ast-20260129-0786,2026-01-29,astana,Есіл,commercial,electrical,low,0,227105,51.202633,71.486692
ast-20260131-0787,2026-01-31,astana,Сарыарқа,commercial,other,medium,0,3255925,51.181475,71.515494
ast-20260131-0788,2026-01-31,astana,Сарыарқа,residential,arson,low,0,489653,51.180846,71.435178
ast-20260131-0789,2026-01-31,astana,Есіл,commercial,open_flame,low,1,133916,51.168969,71.516609
ast-20260131-0790,2026-01-31,astana,Нұра,residential,electrical,medium,3,575717,51.113093,71.481636
ast-20260131-0791,2026-01-31,astana,Есіл,commercial,other,medium,0,4125427,51.208245,71.471375
ast-20260201-0792,2026-02-01,astana,Сарыарқа,residential,open_flame,medium,0,3392998,51.277711,71.502622
ast-20260203-0793,2026-02-03,astana,Алматы,residential,open_flame,low,1,175172,51.200732,71.366376
ast-20260207-0794,2026-02-07,astana,Есіл,commercial,open_flame,low,1,221298,51.203078,71.526939
ast-20260207-0795,2026-02-07,astana,Алматы,residential,children,medium,1,1392840,51.231815,71.306606
ast-20260209-0796,2026-02-09,astana,Байқоңыр,residential,open_flame,medium,0,2999853,51.130367,71.438497
ast-20260211-0797,2026-02-11,astana,Сарыарқа,commercial,other,low,1,392137,51.208579,71.474094
ast-20260212-0798,2026-02-12,astana,Есіл,commercial,electrical,medium,0,1255713,51.158645,71.545363
ast-20260214-0799,2026-02-14,astana,Сарыарқа,other,open_flame,low,0,217154,51.181498,71.557799
ast-20260214-0800,2026-02-14,astana,Байқоңыр,industrial,open_flame,medium,0,3012480,51.177901,71.390072
ast-20260216-0801,2026-02-16,astana,Есіл,residential,open_flame,critical,3,376867137,51.219342,71.508424
ast-20260216-0802,2026-02-16,astana,Алматы,commercial,electrical,low,0,365947,51.186145,71.41349
ast-20260217-0803,2026-02-17,astana,Нұра,residential,children,low,0,61218,51.09867,71.49265
ast-20260217-0804,2026-02-17,astana,Есіл,residential,electrical,high,0,20161708,51.172733,71.479267
ast-20260217-0805,2026-02-17,astana,Алматы,commercial,electrical,medium,0,2863138,51.215381,71.341307
ast-20260219-0806,2026-02-19,astana,Алматы,residential,open_flame,low,0,356435,51.22423,71.29522
ast-20260220-0807,2026-02-20,astana,Есіл,commercial,electrical,medium,4,3786887,51.179791,71.439649
ast-20260222-0808,2026-02-22,astana,Байқоңыр,industrial,arson,low,0,480669,51.1168,71.365442
ast-20260223-0809,2026-02-23,astana,Есіл,construction,electrical,medium,5,2344089,51.186897,71.504368
ast-20260224-0810,2026-02-24,astana,Алматы,commercial,other,medium,2,2120239,51.248987,71.331846
ast-20260225-0811,2026-02-25,astana,Сарыарқа,commercial,arson,medium,1,4153497,51.214932,71.524557
ast-20260225-0812,2026-02-25,astana,Алматы,commercial,children,medium,0,4485854,51.210698,71.326739
ast-20260226-0813,2026-02-26,astana,Есіл,residential,other,low,6,365345,51.200615,71.486085
ast-20260301-0814,2026-03-01,astana,Сарыарқа,commercial,children,high,0,15866514,51.186785,71.463332
ast-20260304-0815,2026-03-04,astana,Сарыарқа,commercial,open_flame,medium,0,3978886,51.252353,71.534288
ast-20260307-0816,2026-03-07,astana,Сарыарқа,construction,arson,critical,0,398252986,51.243196,71.534708
ast-20260307-0817,2026-03-07,astana,Байқоңыр,residential,arson,medium,3,1810718,51.114057,71.407639
ast-20260308-0818,2026-03-08,astana,Алматы,residential,arson,medium,0,2105566,51.217811,71.35943
ast-20260310-0819,2026-03-10,astana,Сарыарқа,residential,electrical,high,0,42005266,51.262071,71.451481
ast-20260314-0820,2026-03-14,astana,Сарыарқа,commercial,other,critical,0,62212981,51.256645,71.470697
ast-20260314-0821,2026-03-14,astana,Байқоңыр,industrial,electrical,low,0,469448,51.120612,71.440696
ast-20260315-0822,2026-03-15,astana,Байқоңыр,industrial,other,high,0,10757392,51.169109,71.424205
ast-20260317-0823,2026-03-17,astana,Сарыарқа,other,arson,medium,3,3869906,51.261157,71.428615
ast-20260321-0824,2026-03-21,astana,Есіл,commercial,electrical,critical,0,228188449,51.167037,71.545133
ast-20260322-0825,2026-03-22,astana,Алматы,residential,electrical,low,8,373168,51.248382,71.327218
ast-20260325-0826,2026-03-25,astana,Байқоңыр,residential,open_flame,medium,0,3493219,51.171975,71.350096
ast-20260325-0827,2026-03-25,astana,Есіл,residential,electrical,low,0,325452,51.157189,71.51078
ast-20260326-0828,2026-03-26,astana,Нұра,other,children,low,0,255638,51.156957,71.575105
ast-20260329-0829,2026-03-29,astana,Алматы,residential,open_flame,low,7,154411,51.187698,71.33168
ast-20260330-0830,2026-03-30,astana,Алматы,residential,open_flame,high,0,47506748,51.202531,71.303875
ast-20260401-0831,2026-04-01,astana,Есіл,residential,electrical,low,2,312810,51.200378,71.542108
ast-20260402-0832,2026-04-02,astana,Алматы,industrial,children,low,0,229244,51.233733,71.344654
ast-20260404-0833,2026-04-04,astana,Есіл,other,electrical,high,2,28842329,51.208723,71.519238
ast-20260404-0834,2026-04-04,astana,Есіл,commercial,children,medium,0,1024494,51.172969,71.471977
